game_id,游戏名称
1202,Stardew Valley
391,Dungeon Warfare 2
2922,黑神话：悟空
52,Aimlabs
1407,Titan Quest II
2423,深岩银河
2205,我在地府打麻将
1612,《战地风云™ 6》Beta 公测
100,Baldur's Gate 3
946,Palworld / 幻兽帕鲁
2285,明末：渊虚之羽
368,Dota 2
2221,战场兄弟 Battle Brothers
455,Factorio
2380,永劫无间
2437,满庭芳：宋上繁华
142,Bongo Cat
1488,Wallpaper Engine：壁纸引擎
1166,Slay the Spire
2340,极限竞速：地平线 5
2631,艾尔登法环 黑夜君临
1231,Streets of Rogue
1982,多重人生
506,Formula Legends Demo
2186,恋爱成双
745,Lossless Scaling
1776,光与影：33号远征队
2619,背包乱斗：福西法的宝藏 Backpack Battles
1832,剑星
572,HELLDIVERS™ 2
944,PUBG: BATTLEGROUNDS
2759,边缘世界 RimWorld
1014,Rabi-Ribi
732,Limbus Company
2326,机动战士高达 激战任务２
2096,小黑盒加速器
1499,"Warhammer 40,000: 星际战士2"
1177,Sons Of The Forest
634,Idle Champions of the Forgotten Realms
459,Fallen / Brand New World
80,Ato
25,AI LIMIT 无限机兵
676,Keep on Mining!
933,PEAK
1591,《上古卷轴®OL》
811,Monster Hunter Wilds
2850,非生物因素
1947,土豆兄弟(Brotato)
814,Monster Hunter: World
556,Grand Theft Auto V 增强版
237,Counter-Strike 2
1228,Street Fighter 6
1317,The Elder Scrolls V: Skyrim Special Edition
1079,SAO Utils 2: Progressive
1717,人类一败涂地 / Human Fall Flat
343,Devil May Cry 5
1155,Sid Meier's Civilization VI
405,ENDER MAGNOLIA: Bloom in the Mist
2006,太吾绘卷 The Scroll Of Taiwu
1952,在校工室与JK共度的日常
68,Apex Legends
1716,人渣
279,DEAD OR ALIVE Xtreme Venus Vacation
1697,九球轮盘赌
2218,我！勇者?
2547,神之天平（ASTLIBRA Revision）
282,DEATH STRANDING DIRECTOR'S CUT
19,A Plague Tale: Requiem
359,Divinity: Original Sin 2
1611,《战地风云™ 2042》
1752,你的老婆
2056,完蛋！我被美女包围了！2
1838,动物迷城
2022,奇迹一刻 Surmount
2841,雾锁王国 (Enshrouded)
1139,Shadow of the Tomb Raider
246,Crime Scene Cleaner
1737,伐定天下
2227,战锤40K：暗潮
631,INSIDE
44,Age of Empires IV: Anniversary Edition
1876,双影奇境
574,HITMAN World of Assassination
897,OBS Studio
529,Garry's Mod
725,Lies of P
426,Europa Universalis IV
1785,全面战争：战锤3
2802,钢铁指挥官
2740,超级电影大亨 Demo
1619,《极品飞车™：不羁》
1937,嗜血印 Bloody Spell
1268,TEVI
436,F1® Manager 2024
1608,《彩虹六号：围攻X》
864,NINJA GAIDEN: Ragebound（忍者外传：怒之羁绊）
274,DARK SOULS™: REMASTERED
501,Football Manager 2024
682,Killing Floor 3
272,DARK SOULS™ III
1341,The Last of Us™ Part I
1721,仁王２ Complete Edition
2726,赛博朋克 2077
1321,The First Berserker: Khazan
207,Chillquarium
1176,Songs of Syx
1469,Ved:疗愈所
1755,使命召唤®
321,Dead Take / 遗映
2122,巫师 3：狂猎
1300,Terraria
2831,雀魂麻将(MahjongSoul)
1911,命运2
1557,Yu-Gi-Oh!  Master Duel
1304,The Binding of Isaac: Rebirth
2844,霓虹深渊2
2098,少女前线
1539,Wuthering Waves
924,Overcooked! 2
2904,黄毛漂流记
2420,消逝的光芒2: 重装上阵版
1128,Sekiro™: Shadows Die Twice
284,DELTARUNE
2526,真・三国无双 起源
1609,《恶意不息》
1600,《命令与征服™：重制版》
2442,潜行者2：切尔诺贝利之心
2409,浪人崛起
718,Left 4 Dead 2
1617,《暗黑破坏神® IV》
1208,SteamVR
1178,Soulworker (灵魂行者)
826,MotoGP™24
2842,霍格沃茨之遗
1491,War Thunder
844,Mycopunk — 真菌朋克
965,Phasmophobia 恐鬼症
2376,死神模拟器
2139,幸福工厂
2194,悠哉钓鱼
2708,觅长生
2462,灵魂石幸存者
701,Kynseed
2506,生死狙击2
2886,魔法少女的魔女审判
2865,饥荒联机版
1027,Ready or Not
966,Phoenix Wright: Ace Attorney Trilogy
2475,爱上火车-Last Run!!-
2639,苏丹的游戏
2028,女神异闻录３ Reload
2562,禁闭求生2 Grounded 2
74,Artis Impact 爱氏物语
2439,漫威争锋
2780,逸剑风云决
1604,《地平线 西之绝境™》完整版
836,Muse Dash
696,KovaaK's
2866,饿殍：明末千里行
2630,艾尔登法环
1655,三角洲行动
2494,猫神牧场
2147,庄园领主 Manor Lords
594,Hearts of Iron IV
2027,女神异闻录5皇家版
2029,女神异闻录４ 黄金版
711,Last Epoch
2654,英雄立志传：三国志
2304,暗邪西部
2849,静默恐惧：老灯塔十五夜
2911,黎明杀机
1875,双人成行
1548,YARISUTEMESUBUTA ~ 一次性交易大师 ~
198,Cats Hidden in China
1757,侏罗纪世界：进化 2
1189,Spacewar
2294,星球大战 绝地：幸存者™
2389,污痕圣杯：阿瓦隆的陨落
271,DARK SOULS™ II: Scholar of the First Sin
425,Euro Truck Simulator 2
1201,StarRupture Playtest
1606,《守望先锋® 2》
941,POSTAL 2
2638,苍翼：混沌效应
14,7 Days to Die
482,Fate/hollow ataraxia REMASTERED
679,Kenshi
2453,灰区战争
1915,命运游戏：逆时寻凶
1553,YoloMouse
2591,线条小狗：动物温泉
2611,美女，请别影响我成仙
2536,矩阵：零日危机
854,NBA 2K25
2685,虚拟桌宠模拟器
2538,矮人防线
1141,Shadowverse: Worlds Beyond
1696,九王 9 Kings
1685,为了吾王 / For The King
1625,《猎人：荒野的召唤™》
2495,玉响未来
1959,地狱仆从
1917,咒语旅团
791,Melvor Idle 梅尔沃放置
1024,Ravenswatch 鸦卫奇旅
972,Plants vs. Zombies: Game of the Year
901,ONE PIECE 海贼无双4
1845,勇敢的哈克
2001,天国：拯救2
1659,下一站江湖Ⅱ
1610,《战地风云 5》
2876,鬼谷八荒
546,God of War Ragnarök
1495,"Warhammer 40,000: Dawn of War III"
2378,母娘调教
1492,Warframe
1034,Resident Evil 0
2344,枪途末路
2055,完蛋！我被美女包围了！
1818,划划划
1323,The First Descendant
1037,Resident Evil 4
2066,审判之逝：湮灭的记忆
743,Lords of the Fallen 堕落之主
565,Grounded
29,AI：梦境档案 涅槃肇始
1572,eFootball™
276,DATE A LIVE: Rio Reincarnation
670,KARDS - 二战卡牌游戏
2497,王国保卫战 5：联盟
434,F1® 24
1643,三国志14
1568,[NINJA GAIDEN: Master Collection] NINJA GAIDEN 3: Razor's Edge
2403,洛夫克拉夫特行动：堕落玩偶 封闭测试
2496,王之凝视 (The King is Watching)
2641,苏美尔六人组
1044,Resident Evil Village
1372,The Sims™ 4
2928,鼠织小家
123,Black Desert
1532,World of Tanks
1503,Wartales
1543,X4: Foundations
410,Easy Red 2
2366,歧路旅人 II
2430,清零计划2：天启派对
2031,女神异闻录：夜幕魅影
1471,Victoria 3
1583,《EA SPORTS FC™ 25》
98,Balatro
1883,变量2
766,MONSTER HUNTER RISE
551,Granblue Fantasy Versus: Rising
2280,无用之人：登神长阶 demo
2195,情感反诈模拟器
2017,夺宝奇兵：古老之圈
1758,依盖之书
1628,《超级忍 反攻的斩击》试玩版
953,Path of Exile 2
983,Prey
2488,猎杀：对决 1896
554,Grand Theft Auto IV: The Complete Edition
153,Burning Sword Death Sun Demo
2299,暗喻幻想：ReFantazio
2219,战争交响曲：尼菲林传奇
2332,杯杯倒满 Feed The Cups
2292,星引擎 Party
1465,VTube Studio
1179,Soundpad
1405,Tiny Tina's Assault on Dragon Keep: A Wonderlands One-shot Adventure
313,Dead Frontier 2
2065,审判之眼：死神的遗言 Remastered
132,Blender
69,Ark Nova
537,Ghost of Tsushima导演剪辑版
1385,The Zachtronics Solitaire Collection
39,Action对魔忍
450,FINAL FANTASY XVI
2511,界外狂潮
2161,弈仙牌
99,Baldr Sky
2272,无主之地3
914,Ori and the Blind Forest: Definitive Edition
203,Chained Together
483,Fate/stay night REMASTERED
2081,将军 对决
1607,《密教模拟器 (Cultist Simulator)》
1906,吾皇万岁 Demo
2016,头号追击
1227,Stray Souls
816,Monster Train 2
2550,神力科莎：竞速 Assetto Corsa Competizione
1899,同舟共济
2707,规则怪谈：盛崖小区
1635,七日世界
2563,种呱得呱 Demo
685,Kingdom Come: Deliverance
1781,全面战争：三国
525,Gamblers Table Demo
140,Blue Archive
2607,缺氧
881,No Man's Sky 无人深空
474,Farm Together
2774,逆轉裁判456　王泥喜精選集
1913,命运游戏2：百年之约
1030,Red Dead Redemption 2
1087,SILENT HILL 2
1578,tModLoader
1638,七龙珠Z 卡卡洛特
1514,Whisper Mountain Outbreak Friend's Pass
1932,喋血复仇
575,HITMAN™
1985,大侠立志传：碧血丹心
2116,工人与资源：苏维埃共和国 Workers & Resources: Soviet Republic
868,NUKITASHI 2
1833,力力普的工坊
2810,银盘滑冰场物语 (Skating Rink Story)
387,Dune: Awakening 沙丘：觉醒
2760,过山车之星
1466,Valheim: 英灵神殿
1827,刺客信条：影
1400,Time Clickers
2835,雪凤山 Secret Opera
1271,THE KING OF FIGHTERS '98 ULTIMATE MATCH FINAL EDITION
296,DSX
440,FINAL FANTASY IV: THE AFTER YEARS
2386,江城大赢家
1029,Red Dead Redemption
2585,纪元1800
1867,卡牌生存：热带岛屿
1349,The Long Dark
1156,Sifu
1119,Sea of Thieves
2400,波斯王子：失落的王冠
2282,无限暖暖
580,Hades II
2225,战盟桌面精灵
823,Mortal Kombat 11
1035,Resident Evil 2
915,Ori and the Will of the Wisps
2765,迷你舒适房间：Lo-Fi
255,Crusader Kings III
1468,Vampire Survivors - 吸血鬼幸存者
2871,骰子浪游者
1601,《命令与征服：红色警戒 2 及尤里的复仇》
288,DJMAX RESPECT V
1054,Rise of the Tomb Raider
1593,《使命召唤®：现代战争® II 2022》
1968,城镇叠叠乐
2142,幻想生活ｉ 转圈圈的龙和偷取时间的少女
1802,冰汽时代
2659,荒原疗者 (Wildmender)
1281,Tabletop Simulator
1360,The RPG
2613,翼星求生 ICARUS
2383,永恒轮回
982,Powernode
2498,王国：两位君主
1496,"Warhammer 40,000: Gladius - Relics of War"
2004,天穗之咲稻姬
2229,戴森球计划
113,Battlefield™ 1
1404,Tiny Glade
2612,美女，请别影响我成仙 Demo
1154,Sid Meier's Civilization V
2251,提西探险社：春日女王
843,MyDockFinder
913,Ori and the Blind Forest
2365,歧路旅人
1940,四海兄弟：故乡
2489,猛兽派对
1983,夜族崛起
2007,太太！我喜欢你！
1720,仁王 Complete Edition
2243,挂机手游模拟器
1500,Warhammer: Vermintide 2
1299,TerraScape
2856,风暴之城 Against the Storm
1525,Wo Long: Fallen Dynasty （卧龙：苍天陨落）
786,Maze Mice
2710,解限机
1053,Rise of Eros
2451,灭火先锋 / Embr
2298,暖雪 Warm Snow
1544,XCOM 2
2522,监寓
1603,《四海兄弟: 最终版》​
2043,妹相随～黑白世界的缤纷冒险～
251,Crosshair X
2578,米姆米姆哈
1533,World of Warships
2719,诸天刷宝录
862,NINJA GAIDEN 2 Black
293,DOOM: The Dark Ages
2354,梦灯花
2271,旅者之憩 Travellers Rest
2223,战意
1090,SNOWBREAK
695,Knights College -骑士学院-
1837,动物栏：桌面牧场
644,Infinitode 2
400,EA SPORTS FC™ 24
848,NBA 2K19
829,Mount & Blade: Warband
564,Grim Dawn
2433,湖畔酒馆
555,Grand Theft Auto V 传承版
1912,命运扳机Playtest
443,FINAL FANTASY VII EVER CRISIS
2884,魔法使之夜
2448,火炬之光：无限
1215,Stellaris
159,CATO 黄油猫
1279,TTV2
803,Mindustry
606,Hi-Fi RUSH
1080,SAO Utils: Beta
2091,小眷灵 (Tinykin)
1427,Treasure of Nadia
2441,潜水员戴夫 DAVE THE DIVER
1388,There Is No Game: Wrong Dimension
1707,人中之龙7　光与暗的去向　国际版
522,GUILTY GEAR Xrd REV 2
205,Children of Morta
401,EA SPORTS™ WRC
1679,中国式家长
524,GWENT: Rogue Mage (Single-Player Expansion)
804,Mirror
2336,极品采花郎
1183,Source SDK Base 2007
229,Cookie Clicker
2422,深埋之星
1056,Road Redemption
1414,Tomb Raider
1852,勇闯死人谷：暗黑之日
1788,兽人必须死! 死亡陷阱
1144,ShareX
831,Movavi Video Suite 17
514,GIRLS' FRONTLINE 2: EXILIUM
2424,深岩银河：幸存者
2427,深渊绝赌：千王处刑
2875,鬼灭之刃 火之神血风谭2
1067,Rune Factory 4 Special
115,Bayonetta
444,FINAL FANTASY VII REBIRTH
224,Company of Heroes 3
2679,蒼色之光與魔劍鍛造師 體驗版
65,Ampersat
94,Backroom Company
217,Clicker Heroes 2
1277,TOGETHER BnB
1032,Republic of Jungle
1418,Total War: ATTILA
1579,МЕМОЛОГИЯ: ИТАЛЬЯНСКИЕ ЖИВОТНЫЕ Demo
9,3DMark
1497,"Warhammer 40,000: Rogue Trader"
1725,仙剑奇侠传七
2320,服侍人偶的日常
277,DCS World Steam Edition
2076,对魔忍Collection：决战竞技场
2303,暗影火炬城
1556,Ys VIII: Lacrimosa of Dana
1070,Russian Fishing 4
992,Project Zomboid
2319,月球骗子
265,Cuphead
1627,《质量效应》传奇版
201,Celestial Empire Playtest
2415,海狸浮生记 Timberborn
614,Hollow Knight
1460,UsbEAm Hosts Editor
1278,TRIANGLE STRATEGY
2343,枪火重生
2087,小小梦魇2
828,Mount & Blade II: Bannerlord
1464,VRChat
2418,海龟蘑菇汤
2921,黑相集：灰冥界
2015,失落迷城：群星的诅咒
1051,Riddle Joker
521,GUILTY GEAR -STRIVE-
471,Far Cry Primal
185,Capcom Arcade Stadium
2861,食神的卡组
76,Aseprite
1730,仙剑奇侠传六
1693,九十六号公路
1605,《地平线 零之曙光™》重制版
1584,《Need for Speed™ Heat
1614,《新生也疯狂》第1季
1626,《荣耀战魂》
78,Assassin's Creed Rogue
2327,机战佣兵™VI 境界天火™
2857,风暴之门 Stormgate
2281,无罪之庭
461,Fallout 4
2502,甜蜜夏日 ~Perfect Edition~
2060,宗门志
806,Mistress Marigold's Home Improvement
311,Days Gone
2013,失落城堡2
2504,生化奇兵2 重制版
798,Metro: Last Light Redux
2267,断箭
1739,传奇商店
515,GODBREAKERS Demo
2718,请成为最能干的VTuber吧！
1104,SVFI
122,BioShock
936,PICO PARK 2
2211,我的同事不对劲
1660,不/存在的你，和我
2650,英雄传说 黎之轨迹
2559,神罪降临 Uberich: Advent Sinners
1850,勇者的残局：自走棋
1931,哲学梗模拟器
1999,天命奇御二
2736,超级机器人大战30
2686,虫虫生态箱
549,Goose Goose Duck
2295,星界战士
1295,Temtem / 腾兽
2163,归家异途2
552,Granblue Fantasy: Relink
955,Pathfinder: Wrath of the Righteous - Enhanced Edition
616,Homeworld Remastered Collection
109,Batman™: Arkham Knight
2279,无法成眠的伊达键 - From AI：梦境档案
2600,绝色禁区
975,"Poker Master - 德州扑克,轮盘,21点,百家乐,奥马哈,老虎机,提恩帕蒂"
499,Football Manager 2021
2119,巨击大乱斗
790,Meltys Quest
1347,The Legend of Heroes: Trails of Cold Steel III
1576,inZOI
1182,Source SDK
1292,Team Fortress 2
2083,小兵大战 - Warpips
547,Godot Engine
1713,人中之龙８
1872,原子之心
1565,Zuma Deluxe
2025,女冒险者聚集的情色旅馆
2812,镇邪 Zhenxie
2530,真・三国无双８
1423,Tower Accelerator
2202,我们的冒险者公会
2807,铁拳8
912,Orcs Must Die! 3
527,Game of Thrones Winter is Coming
1645,三国志：建安外史
1585,《STAR WARS™ 前线™ II
1406,Titan Quest Anniversary Edition
2854,风中行者
1316,The Elder Scrolls IV: Oblivion Remastered
2129,巴尔的遗产
1420,Total War: ROME II - Emperor Edition
2068,寂静之歌
1957,地狱丧钟 Hell Clock
1731,仙剑奇侠传四
758,MARVEL SNAP
2800,钢铁巨像 机甲觉醒
2107,山海旅人
206,Chill Pulse 心流小筑
530,Gatekeeper
1494,"Warhammer 40,000: Dawn of War - Soulstorm"
1909,命令与征服3: 凯恩之怒
1552,Yet Another Zombie Survivors - 又一个僵尸幸存者
478,Farthest Frontier
419,Eriksholm: The Stolen Dream Demo
2405,活侠传
364,Dolls Nest
1284,Tails of Iron
1091,SOKOBOT
2249,控制 - 终极合辑 / Control Ultimate Edition
50,Ai Vpet / 守护与智友
2868,马桶英雄 Playtest
2914,黑暗世界：因与果
2647,英雄传说 界之轨迹 -告别塞姆利亚-
1339,The Last Hero of Nostalgaia
2234,护核纪元
1424,Tower Dominion
1235,Stronghold Crusader: Definitive Edition 要塞十字军东征：决定版
800,Middle-earth™: Shadow of War™
942,PRO EVOLUTION SOCCER 2019
909,Operation Tango
770,Mad Max
1765,信長之野望･新生
1269,THE FINALS
303,Darkest Dungeon® II
371,Dragon's Dogma 2
43,Age of Empires III: Definitive Edition
2847,露玛岛
2782,遗忘週一咖啡馆
2345,架空地图模拟器
1587,《TOPSPIN 2K25》
1708,人中之龙7外传 无名之龙
1921,咖啡星矿工 Astro Prospector
1342,The Last of Us™ Part II Remastered
2738,超级机器人大战Ｘ
445,FINAL FANTASY VII REMAKE INTERGRADE
581,Half Sword Demo
723,Liar's Bar
214,Cities: Skylines II
2123,巫师之昆特牌
1878,双点博物馆
1647,三国杀
108,Batman: Arkham City GOTY
10,3DMark Demo
1192,Spirit City: Lofi Sessions
2136,席德·梅尔的文明VII
2073,寓言之地 (Fabledom)
765,MONMUSU
1450,UnderMine 2
2888,魔法工艺 Magicraft
2050,学生时代
1071,Rust
545,God of War
30,ANIMAL WELL
2785,那个夏天的小岛
1570,[NINJA GAIDEN: Master Collection] NINJA GAIDEN Σ2
2269,新枪弹辩驳V3 大家自相残杀的新学期
2431,港诡实录
541,Gloomhaven
2152,开球! REMATCH
49,Age of Wonders 4
1793,再见断刀
643,Infection Free Zone (无感染区)
1520,Witchfire
2178,怒之铁拳4
2359,横戈
38,Action! - Gameplay Recording and Streaming
2250,推币勇者
2512,疑案追声
919,Outer Wilds
2742,超级键盘侠
1715,人格解体
77,Assassin's Creed Odyssey
166,CODE VEIN
1301,Tetris® Effect: Connected
1288,Tales of Vesperia: Definitive Edition
1412,Tom Clancy's Ghost Recon® Wildlands
2048,孤羊战纪
1674,东方：平野孤鸿
1389,They Are Billions
2714,记忆边境
833,Movavi Video Suite 2024 Steam Edition
42,Age of Empires II: Definitive Edition
1586,《Spiritfarer®》Farewell版
1641,万象群侠传
312,Dead Cells
281,DEATH STRANDING
2176,忘却前夜
1976,壶中日月
681,Killing Floor 2
1779,全民街篮
302,Darkest Dungeon®
234,Cornerpond
110,Batman™: Arkham Origins
498,Football Manager 2020
2490,猛将三国
579,Hades
1782,全面战争：幕府将军2
1805,冲就完事模拟器
2930,龙崖
980,Portal 2
2371,死亡空间
1701,了不起的修仙模拟器
2270,方舟: 生存飞升
607,Hidden Through Time 2: Myths & Magic
464,Fallout: New Vegas
1142,Shape of Dreams Demo
2715,诅咒2
340,Desperados III
509,Foundation
2864,饥荒
2452,灭绝之日
2182,怪物对决自走棋
2828,隔壁的美艳人妻
850,NBA 2K21
1652,三國志11 with 威力加強版
323,Deadlock
2463,灵魂面甲(Soulmask)
1103,SUPERHOT: MIND CONTROL DELETE
2133,帝国幻想乡~TOHOTOPIA Demo
2169,循环勇士
586,Halo: The Master Chief Collection
1648,三国群英传2
351,Dinkum(金垦小镇)
1829,刺客信条：英灵殿
1800,冬日狂想曲
1140,Shadowverse
2148,底特律：化身为人
412,Elin
997,Pummel Party
1020,Ratatan Demo
236,Counter-Strike
1363,The Riftbreaker: Multiplayer Playtest
1890,另一个肉鸽农场
104,Barotrauma 潜渊症
1257,Supermarket Simulator
2519,百日战纪 -最终防卫学园-
2827,隐形守护者 The Invisible Guardian
2815,长夜之后 Demo
2469,烟火
1480,WHITE ALBUM
943,PROTOTYPE 2
1226,Stray Blade - 迷失之刃
1632,ヘブンバーンズレッド
2546,神之亵渎2
385,Drova - Forsaken Kin
404,ENDER LILIES: Quietus of the Knights
2769,迷雾侦探
2363,武士 零
779,Marvel's Spider-Man: Miles Morales
1907,告别回忆2nd
2564,秘影曼德拉
376,Draw & Guess - 你画我猜
570,HD Poker
532,Geometry Dash
1470,Venus Vacation PRISM - DEAD OR ALIVE Xtreme -
2245,挖油吧！爸爸
1517,Wild West Supermarket Simulator Demo
1916,咒印链接 Playtest
2717,请不要欺负我，大小姐们！
1233,Stronghold Crusader 2
1975,壳之少女
601,Hero Emblems II
1089,SKYHILL
1193,Spirit Island
2705,西行乱斗
2484,狙击精英5
1445,Ultimate Admiral: Dreadnoughts
2203,我即军团：替身幸存者
1096,STEINS;GATE
573,HENPRI
139,Bloons TD 6
2777,通神榜
212,Circle Empires
802,Milky Way Idle - 银河奶牛放置
2786,邪恶冥刻
35,Abyssus Demo
1559,ZERO Sievert
452,FPS Monitor
1860,午夜漫步
2317,月圆之夜
2402,洛夫克拉夫特行动：堕落玩偶 Demo
2833,雨中冒险 2
781,Marvel’s Spider-Man Remastered
2533,真探
2541,破晓传奇
2593,终极钓鱼模拟器2
70,Armello
1062,Rocksmith® 2014 Edition - Remastered
200,Celeste
1815,刀剑神域 彼岸游境
2596,绝世好武功
839,Muv-Luv
490,Fields of Mistria
1282,Tactics Ogre: Reborn
1075,S4U: 都市朋克2011与爱的重拳
508,Forza Motorsport 极限竞速
1956,地心归途
1973,墨境
2432,游戏开发物语 (Game Dev Story)
1357,The Pegasus Expedition
1049,Revolution Idle
223,Company of Heroes 2
213,Cities: Skylines
1764,信使
2528,真・三国无双７ Empires
2425,深海迷航
1884,叛逆神魂 GODSOUL🔥
1594,《使命召唤®：现代战争® III 2023》
1409,Titanfall® 2
2392,沉没意志
1170,Sniper Elite 4
1690,乌合之众 Demo
1714,人中之龙８外传 Pirates in Hawaii
557,Grand Theft Auto: San Andreas - The Definitive Edition
1057,RoadCraft
2576,米塔 MiSide
1362,The Riftbreaker 银河破裂者
1098,STEINS;GATE ELITE
1267,TEKKEN 7
437,FALLSTRUKTUR
1048,Reverse: 1999
1624,《潜行者：晴空》增强版
2349,桌面副本物语：放置好时光 测试版
347,DiRT Rally 2.0
6,14种扫雷变体
2456,灵兽江湖
1555,Your Only Move Is HUSTLE
2274,无双大蛇２ 终极版
1041,Resident Evil 7 Biohazard
1877,双点医院
1596,《剑星》体验版
1644,三国志8  REMAKE
2764,远光84
2509,电工模拟器
2549,神力科莎 Assetto Corsa
1550,"Yes, Your Grace"
1722,今古群侠传 PlayTest
698,Krita
2527,真・三国无双 起源 体验版
722,Lethal Company
309,Dawnsbury Days
2106,山河旅探 - Murders on the Yangtze River
2539,矮人防线 试玩版
1778,光明记忆：无限
449,FINAL FANTASY XV WINDOWS EDITION
2548,神佑释放
762,METAL GEAR SOLID V: THE PHANTOM PAIN
752,Lunar Eclipse
218,Clone Drone in the Danger Zone
2024,奥特罗斯 Ultros
294,DRAGON BALL FighterZ
361,DmC Devil May Cry
1582,《Battlefield™ Hardline》终极版
2101,少女＊领域
2093,小花园
1449,UnderMine
1058,RoboCop: Rogue City - Unfinished Business
1671,东方夜雀食堂 - Touhou Mystia's Izakaya
1358,The Powder Toy
1642,三伏
2692,蟹蟹寻宝奇遇
2138,幸福岛幻想
2166,影子诡局：被诅咒的海盗 Shadow Gambit: The Cursed Crew
2688,蜀末：血月三国
1825,刺客信条：大革命
1863,卡库远古封印
204,Chef Life: A Restaurant Simulator
399,Dying Light
18,A Plague Tale: Innocence
1515,Whispers from the Star Demo
867,NUKITASHI
1830,刺客信条：起源
1312,The Crew Motorfest - Demo
128,Blasphemous
2480,牧场物语 橄榄镇与希望的大地
1011,RPG Maker VX Ace
669,KARAKARA
2821,"阿西, 美女室友竟然...？"
2553,神奇动物养殖中心：放置好时光 Demo
2795,重装前哨
675,Kanon
328,DeathComing
1803,冰汽时代2
2085,小小侠客模拟器
677,Ken Follett's The Pillars of the Earth
1432,Trine 4: The Nightmare Prince
795,Metro 2033 Redux
1967,埃里克斯霍姆：被偷走的梦
141,Bodycam
2492,猫咪斗恶龙3 Cat Quest III
1726,仙剑奇侠传三
182,Call of Juarez Gunslinger
2051,学生时代：序章
818,Monument Valley
1219,Still Wakes the Deep
183,Call to Arms - Gates of Hell: Ostfront
1253,Super Bunny Man
2168,征服之歌
292,DOOM Eternal
2289,星之翼（Starward）
2894,鸡械绿洲
2331,村与地下城
535,Ghost Recon Breakpoint
2923,黑神话：悟空 性能测试工具
2210,我的动物公司
510,Fox Hime Zero
1324,The Forest
2622,胡闹厨房 全都好吃
1167,Sleeping Dogs: Definitive Edition
2919,黑暗逃生
1296,Tenta Shooter
332,Degrees of Separation
2651,英雄传说：闪之轨迹III
2869,驱灵者：新伊甸的幽灵
2523,真·女神转生Ⅴ Vengeance
2771,送小羊回家
832,Movavi Video Suite 2020 Steam Edition
741,Look Outside
2226,战锤 — 霍拉斯叛乱：军团
2286,星之侵略者
760,METAL GEAR RISING: REVENGEANCE
2126,巴别塔 ：混乱的幸存者
1633,一起五子棋
1919,咔砰！玩具乱斗屋 Demo
57,Alone in the Dark
533,Get To Work
2095,小骨：英雄杀手(Skul: The Hero Slayer)
2649,英雄传说 闪之轨迹IV -THE END OF SAGA-
1680,中国式相亲
2357,棋弈无限：围棋
1376,The Surge
1293,Teamfight Manager
749,Lots of Cats on an Adventure
1239,Substance 3D Painter 2025
1622,《渔帆暗涌》
1319,The Evil Within
2783,遗迹2
1698,乡村狂想曲
520,GTFO
560,Green Hell
2666,莱恩岛生存指南
1681,中国式网游
852,NBA 2K23
280,DEAD OR ALIVE Xtreme Venus Vacation [JP]
283,DEATHLOOP
964,Pharaoh Rebirth+
1814,刀剑江湖路
916,Our Adventurer Guild Demo
370,Downfall - A Slay the Spire Fan Expansion
1997,天使军团-LSP放置RPG
354,Disco Elysium
993,Prominence Poker
1903,吹弹！丰盈！波涛汹涌 超情色APP学院
119,Beyond Citadel
2455,灰烬之国 Cinderia Demo
362,Do Not Feed the Monkeys
734,Little Nightmares
776,MapleStory
898,OBS Studio Beta
1798,冥狱战术 (Hadean Tactics)
164,CLANNAD
83,Aurelia
2531,真人快打 1
2890,魔灵召唤: 天空之役
588,Handyman Fantasy 水电工幻想
609,Higurashi When They Cry Hou - Ch.3 Tatarigoroshi
1325,The Front 前线
1196,Squad
2874,鬼灭之刃 火之神血风谭
2338,极限国度
571,HELLDIVERS™
1699,买个可乐饼吧！ - Buy a Croquette!
2242,挂姬恶魔/IdleDevils
2394,沙威玛传奇 - Shawarma Legend
820,Monument Valley 3
611,Hira Hira Hihiru
468,Far Cry 5
2339,极限竞速：地平线 4
2347,桃色武林
962,Persona 5 Strikers
1995,大航海时代：起源
1382,The Walking Dead: The Telltale Definitive Series
1686,为了吾王II / For The King II
1093,SONG OF HORROR
1039,Resident Evil 5
46,Age of History 3
2668,莱莎的炼金工房２ ～失落传说与秘密妖精～
1168,Slime Rancher
2870,骰子模拟器
797,Metro Exodus Enhanced Edition
388,Dune: Imperium
2192,恶魔轮盘
24,ACE COMBAT™7: SKIES UNKNOWN
1043,Resident Evil Revelations 2
435,F1® 25
582,Half-Life 2
1158,Sins of a Solar Empire II
2635,苍之彼方的四重奏
680,Kerbal Space Program
2074,寢取人妻不伦播种
847,NARUTO: Ultimate Ninja STORM
2108,山门与幻境
1710,人中之龙０　誓约的场所
2102,尸姬之梦 Demo
27,AI: The Somnium Files
2352,梦幻引擎：游牧城市
1270,THE KING OF FIGHTERS '97 GLOBAL MATCH
2767,迷离诡夜 blurred weird night
1206,State of Decay 2
1333,The Isle
1951,圣骑士莉雅丝
1977,夏日狂想曲：乡间的难忘回忆
2111,崛起力量: 添命人
1797,军团战棋 Legion War
2660,荒野枪巫
304,Darksiders Genesis
1769,偶像大师 STARLIT SEASON
1260,Suzerain
2672,萌怪合唱团
116,Beasts of Bermuda
2667,莱莎的炼金工房 ～常暗女王与秘密藏身处～
1361,The RPG Demo
905,OVR Advanced Settings
2900,麻雀一番街
1858,千恋＊万花
1801,冰与火之舞 A Dance of Fire and Ice
1902,吸血鬼大厦
1888,古剑奇谭二(GuJian2)
307,Darksiders Warmastered Edition
793,Metal Hunter Demo
7,14种扫雷变体2
1864,卡牌店模拟器 多人联机版
2602,绯红结系
1326,The Great Ace Attorney Chronicles
1016,Raft
2644,英勇之地
755,Lust Goddess
879,Night is Coming
2787,部落与弯刀
1064,Rogue Legacy 2
1036,Resident Evil 3
1173,Soda Dungeon
2837,零 ～月蚀的假面～
2830,雀姬
2485,独眼利霍
1004,R.E.P.O.
2935,👑选王之剑：零👑
2039,妖之乡
860,NGU IDLE
227,Contra Anniversary Collection
270,DARK SOULS™ II
576,HITMAN™ 2
778,Marvel's Spider-Man 2
1895,合成大猫咪
1989,大恶人千金 枭雌百合战记
1458,Unturned
2239,拳击俱乐部2：快进未来
2499,王牌与冒险
2897,麦穗镇物语：放置好时光
186,Car Mechanic Simulator 2021
1332,The Invisible Hand
2568,符文工房 龙之天地
2018,奇唤士
1618,《木卫四协议》
1162,Skull Horde Demo
1106,Saloon Simulator
899,ONE PIECE PIRATE WARRIORS 3
538,Ghostrunner - 幽灵行者
13,60 Seconds! Reatomized
1704,亚丽亚的倒影 Demo
998,Pâquerette Down the Bunburrows
2362,欺诈之地
2395,沙石镇时光
1150,Sherlock Holmes: Crimes and Punishments
1355,The Outlast Trials
2761,过山车之星2
2322,朝露：境界旅程 Demo
2446,火柴人征战异世界：开局只有一把刀
2648,英雄传说 碧之轨迹：改
228,Coodesker
1009,RPG Maker MV
1939,四海兄弟II 最终版
1443,UNCHARTED™: 盗贼传奇合辑
2933,龟男复仇记：以牙还牙，三倍奉还
1616,《星球大战 绝地：陨落的武士团™》
2170,德州扑克 - Pokerist
1421,Totally Accurate Battle Simulator
366,Dome Keeper 穹顶守护者
1218,Sticker Craft
2616,聖女艾露娜與墮淫之書〜爆乳修女的色情使命〜 Demo
1320,The Evil Within 2
1275,THRONE AND LIBERTY
2580,糖豆人
2932,龙腾世纪™: 影障守护者
1662,不思议迷宫
137,Bloodstained: Ritual of the Night
1650,三国群英传7
2191,恶魔牌 Demo
11,428 Shibuya Scramble
1831,前方高能
587,Hand of Fate 2
1174,Solasta: Crown of the Magister
617,Horizon Zero Dawn™ Complete Edition
1807,凌辱地牢的幸存者
2572,简易指针制作器
1234,Stronghold Crusader HD
1112,Scene Investigators
1146,Sheepherds! Playtest
31,ARK: Survival Evolved
957,Patrick's Parabox
2521,盐面团
873,Neon Village Demo
1212,SteamWorld Heist II
2398,泡姆泡姆
244,Crash Drive 3
1784,全面战争：战锤2
2171,心渊梦境
1821,刺客信条3：高清重制版
176,Call of Duty: Infinite Warfare
1732,仙肴圣餐
2762,近月少女的礼仪
1203,Starfield
1799,冥界契约
2592,终极钓鱼模拟器
694,Knightly Passions
1000,Quarantine Zone: The Last Check Demo
2447,火湖
355,Disfigure
2137,常轨脱离Creative
2706,要战便战
724,Library Of Ruina
1602,《命令与征服：红色警戒 3》起义
2515,痴情哥哥与病弱妹妹的乡间生活
1265,TCG Card Shop Simulator
1381,The Treasures of Montezuma 5
2925,黑色童话：梦境幸存者
2346,柯尔特峡谷
2157,异形工厂2
1099,STEINS;GATE: Linear Bounded Phenogram
925,PAC-MAN MUSEUM+
2632,芙哇芙哇女仆咖啡厅
1901,后宫！牧场生活
2011,失业了，我获得了亿万游戏财产！
1711,人中之龙５　实现梦想者
733,Little Busters! English Edition
208,Chivalry 2
969,Pixel Gun 3D: PC Edition
2879,魅魔咖啡厅
314,Dead Island 2
2241,拼贴冒险传 / Patch Quest
252,Crow Country
2556,神树残响
431,Expeditions: Rome
179,Call of Duty®: Black Ops Cold War
2643,苦痛之环 Ring of Pain
1395,This War of Mine
2617,育种村
2843,霓虹深渊
630,IF蜘蛛纸牌
424,Escape the Backrooms
306,Darksiders III
2196,惩戒魅魔
1479,WARRIORS OROCHI 4 / 無雙OROCHI 蛇魔３
1191,SpellForce 3: Versus Edition
429,Everlasting Summer
878,NieR:Automata™
491,Filament
1760,侠客风云传(Tale of Wuxia)
2397,河洛群侠传 (Ho Tu Lo Shu ： The Books of Dragon)
777,Marvel's Guardians of the Galaxy
2525,真‧三國無雙６ with 猛將傳 DX
1554,Your Chronicle
1205,Starship Troopers: Terran Command
151,Broforce
1236,Stronghold: Definitive Edition 要塞：决定版
2881,魔女的夜宴
1677,中世纪王朝
684,King Exit
2867,首都高赛车
336,DeoVR Video Player
22,A Way Out
505,Forager
174,Call of Duty: Advanced Warfare
2337,极简塔防
1273,THE KING OF FIGHTERS XIV STEAM EDITION
1245,Sudoku Universe
730,Life is Strange™
569,"Guns, Gore and Cannoli 2"
1108,Salt and Sanctuary
407,EVERSPACE™
1908,呓语小镇 Demo
1700,乱欲牢城~监狱都市的花之少女~
2026,女王游戏
845,NARAKA: BLADEPOINT - Test Server
2822,降妖散记
2722,谁在门外?
48,Age of Mythology: Retold
1397,Thronefall
2275,无双深渊
157,CANINE
2775,逆转检察官1&2 御剑精选集
2910,黎明前20分钟
1534,WorldBox - God Simulator
1703,二战前线合集
558,Grand Theft Auto: Vice City - The Definitive Edition
2752,轩辕剑柒
1232,Strinova
2290,星光咖啡馆与死神之蝶
691,Kingdoms of Amalur: Re-Reckoning
2341,林中小女巫
687,Kingdom Rush
819,Monument Valley 2
2695,血之诗：月之蚀
809,Monster Hunter Stories
1336,The Last Campfire
324,Dear My Friend Demo
488,Ficket
1848,勇者斗恶龙III HD-2D Remake
2693,蠕行的恐惧：克苏鲁选集
1330,The House of Da Vinci
518,GRIS
1936,嗑药做爱！地雷酱 ～一边追星一边援交做爱！嗑药嗑高飘飘然～
2805,铁匠铺传奇
994,Prophecy of the Shadow
126,Blade of God X
1734,以闪亮之名
1214,Steelrising 钢之崛起
408,Earn to Die 2
402,EA SPORTS™《FIFA 23》
1518,Wires And Whiskers
2197,惯性漂移
1318,The Escapists 2
1820,刺客信条2
442,FINAL FANTASY VII
2751,轩辕剑叁外传 天之痕
1811,凶寓
2276,无名者：屠龙
1507,Watch_Dogs 2
2262,整蛊白云
1629,《镜之边缘：Catalyst》
2567,童话塔防2
2542,破门而入：行动小队
2117,巧克甜恋
660,JOJO的奇妙冒险 群星之战 重制版
566,Guardians of Victoria
1978,夏末盛开的花
759,MELTY BLOOD Actress Again Current Code
225,Conan Exiles
2913,黑兽‧改
1084,SCP秘密实验室 / SCP: Secret Laboratory
481,Fate/Samurai Remnant
1331,The Inner World: The Last Wind Monk
717,Left 4 Dead
1399,Thunder Tier One
161,CHAOS;CHILD
2104,尼夫海姆的猎人：阿瑟尔的烙印
761,METAL GEAR SOLID V: GROUND ZEROES
2763,近月少女的礼仪2
709,Labyrinth of Refrain: Coven of Dusk
940,PNGTuber Plus
774,Maneater
2470,烟火 Demo
1294,Teardown
2748,车祸模拟器 - BeamNG.drive
2444,火山的女儿
939,PIONER Playtest
1879,双点校园
150,Bridge Constructor Portal
667,Just Shapes & Beats
2259,数字领主
1695,九日
706,LOCKDOWN Protocol
350,Digimon Story Cyber Sleuth: Complete Edition
1943,因果动物园
562,"Gremlins, Inc."
457,Fairy Biography2：Confidante
1649,三国群英传3
931,PAYDAY3 (收获日3)
2114,川建国同志想连任
2410,浪漫沙加2 七英雄的复仇
1887,古剑奇谭三(Gujian3)
299,Danganronpa: Trigger Happy Havoc
889,Noita
536,Ghost Trick: Phantom Detective
1510,We Were Here Together
738,Live2DViewerEX
1889,古龙风云录
2155,异化之恶〇Abnormal Treatment
2701,被傻小子绿了
2072,富甲天下4
1307,The Coffin of Andy and Leyley
1657,上学威龙
133,Blightstone Demo
1472,Viewfinder
2364,武装突袭3
427,Everafter Falls
640,Inari
739,Lobotomy Corporation
1651,三国群英传8
1747,你好！我们还有场恋爱没谈
690,Kingdom Rush Vengeance
2574,箭箭剑
317,Dead Rising
2314,最后的防线
2573,管理员的窥视
1849,勇者斗恶龙XI S 寻觅逝去的时光 - Definitive Edition
1125,Seed of the Dead: Sweet Home
1130,Sephiria Demo
1923,咩咩启示录
1440,UBERMOSH Vol.5
2246,挺进地牢
744,Lorelai
290,DOOM
1198,Stacklands
1905,吾今有世家
199,Catwifhat
1955,地下蚁国 Empires of the Undergrowth
1706,人中之龙 维新！极
2140,幸运房东
353,Dino Path Trail
1636,七龙珠 电光炸裂！ZERO
2478,牌兵布阵 (Commander Quest)
209,Christmas Tina -泡沫冬景-
101,Banana
1060,Roboquest (机械守护者)
2335,极乐世界（Elysium）
1274,THE KING OF FIGHTERS XV
1597,《勇者斗恶龙XI S 寻觅逝去的时光 - Definitive Edition》体验版
2610,美女，请别影响我学习
1529,World War Z
2625,自杀小队：消灭正义联盟
1419,Total War: PHARAOH DYNASTIES
2321,服侍人偶的日常 Demo
2477,爱欲之都开篇季
1476,Virtual Cottage
2404,活体飞机杯工厂歼灭队
1249,Summer with Mia Season 1
1981,多洛可小镇
512,Funbag Fantasy: Sideboob Story
88,BALL x PIT Demo
2390,汽水侠
688,Kingdom Rush Frontiers
339,Desktop Mate
775,Manifold Garden
2627,致命解药
1871,原地起啡 / SkyBrew: Entropic Strategist
1199,Staffer Case - 异能缉凶
2510,电竞教父
2348,桌宠屋
1107,Salt Player for Windows
1542,X2: The Threat
1008,ROUNDS
295,DRAGON BALL XENOVERSE 2
278,DDNet
1184,South Park™: The Stick of Truth™
981,Portal Knights
1392,Thief Simulator 2
2173,忍者大乱斗！ - Ninjam! Demo -
1844,勃起勇者與哈爾法斯的惡魔 Demo
2839,雷霆孤影 (VOIN)
156,ButtKnight
1272,THE KING OF FIGHTERS XIII STEAM EDITION
2153,异世界情趣用品店
1843,勃起勇者与哈尔法斯的恶魔
921,Outlast 2
1092,SOMA
235,Coromon
2781,道无穷
2393,沉默的蟋蟀
1524,Wo Long: Fallen Dynasty Complete Edition Demo
578,Hacker Evolution - Untold
2084,小动物餐吧
147,Boxes
2288,星之旅Lunarium Demo
2873,高能人生
1109,Sandtrix
2214,我的朋友佩德罗
958,Pentiment
2253,收容：秘密档案
232,Coral Island
1338,The Last Faith
986,Prison Architect
2167,彼方的她-Aliya
1410,To the Moon《去月球》
1163,Sky 光·遇
516,GRADIUS ORIGINS
396,Dungreed
241,Craft The World
2468,烈焰屠龙·神兵觉醒
2061,宗门起源
2461,灵魂•启示录
2653,英雄传说：闪之轨迹I：改 –Thors Military Academy 1204–
2721,诺兰德 Norland
1828,刺客信条：枭雄
947,Palworld Dedicated Server
2118,巨人杀手：暗黑之潮
1230,Street Fighter V
1100,STEINS;GATE: My Darling's Embrace
1874,厨房战争
2503,生化奇兵 重制版
1097,STEINS;GATE 0
841,My Friendly Neighborhood
2296,星空列车与白的旅行
1209,SteamWorld Dig
2146,幽灵行者 2（Ghostrunner 2）
1998,天命奇御
2144,幻想鱼箱
2021,奇怪的RPG
805,Mirror 2: Project X
2233,扫毒风暴：宛北往事
2120,巨龙征服者
2135,帝国神话
632,ISEKAI QUEST
651,Into the Breach
1687,主播女孩重度依赖
2273,无人
2514,病房轶事～潜藏邪恶老鸟护士的住院生活～
1045,RetroArch
1352,The Mortuary Assistant Demo
216,ClearMem :: Free Up Your RAM
817,Montaro
1705,亡灵巫师2
863,NINJA GAIDEN: Ragebound Demo
2733,超时空方舟
2803,钻核公司 (Drill Core)
1853,十二影
1756,侏罗纪世界：进化
2799,钢铁华尔兹
2355,梦魇骑士 ~圣洁少女与堕落魔法~
1581,《Battlefield 4》™
1846,勇者与亡灵之都
1774,元炁 playtest
191,Castle Crashers
1348,The Life and Suffering of Sir Brante
1436,Turing Complete
1240,Subverse
2109,岁久丹青
2790,都市传说解体中心 Demo
197,Cats Hidden in Bali
2929,龙之谷
1595,《光明记忆：无限》光线追踪 基准测试软件
1403,Tinkerlands
289,DOGWALK
930,PAYDAY 2
974,Pocket Waifu: Desktop Pet
1076,SACRIFICE VILLAINS：牺牲恶棍
2128,巴士达人
2010,太鼓之达人 咚咚雷音祭 体验版
886,No-good Streamer Mirai-chan! (Now accepting lewd comments
144,Boomerang Fu
2594,终结者: 黑暗命运 - 反抗
2388,江湖客栈-赛季模式
922,Outward
822,Morbid Metal Demo
17,A Little to the Left
269,DAEMON X MACHINA
753,Lunar Eclipse Demo
2846,霜港迷城
2661,药剂工艺：炼金模拟器
615,HoloCure - Save the Fans!
1719,亿万恋人
458,Fairy Fencer F Advent Dark Force
1370,The Scouring Demo
1856,千变的迷宫 风来的希炼 命运之塔与命运之骰
603,Heroes of Hammerwatch II
613,Hitman: Blood Money
1311,The Crew Motorfest
75,As Dusk Falls
1186,Space Engineers
1111,Scale the Depths Demo
16,A Few Quick Matches
1574,gogh: 虚拟形象与专注
392,Dungeon Warfare 3 Demo
53,Alan Wake
1255,Super Naughty Maid
1453,Unnamed Space Idle
456,Factorio Demo
145,Borderlands 2
2862,食神的卡组 试玩版
2863,餐癮地城
1504,Warudo
2696,血战突袭
2440,漫威暗夜之子
715,Le Mans Ultimate
2734,超灵秘法社
661,Jack Move
1442,UKNON Jones & Guynelk 2
2500,琉隐无界 Demo
987,Prison Escape Simulator: Dig Out
1809,几何竞技场
1522,Wizard of Legend
1473,Vindictus: Defying Fate Demo
813,Monster Hunter Wilds Beta test
180,Call of Duty®: Modern Warfare®
2374,死环：二次冲击
1254,Super Meat Boy
1262,Swords & Souls: Neverseen
663,Journey
1452,Universe Sandbox
1305,The Case of the Golden Idol
2030,女神异闻录５ 战略版
1823,刺客信条：兄弟会
369,Dota Underlords
553,Granblue Fantasy: Versus
2678,蒸汽之都的少女侦探
2062,宝藏世界
1929,哥布林弹球 Peglin
2858,风暴崛起 Tempest Rising
1031,Refunct
2067,宿命残响（Chained Echoes）
310,DayZ
593,Heal
736,Little Noah: Scion of Paradise
253,Crown and Adventure / 王冠与冒险  Demo
1258,Supermarket Together
1994,大胆的想法2 我的桌面
771,Mafia III: Definitive Edition
2413,海沙风云 Far Away
2838,零月的拉芙拉
82,Attack on Titan 2 - A.O.T.2
703,LIMBO
1813,刀剑封魔录
190,Cast n Chill
2151,廖添丁：绝代凶贼之末日
1665,与经纪人恋爱是绝对禁止！
559,Graveyard Keeper
1243,Sudden Strike Gold
2417,海运大亨 Demo
1979,夏色四叶草
300,Dark Deity
438,FANTASIAN Neo Dimension
945,Palia
2302,暗夜绝望
2353,梦幻遥控车(Re-Volt)
1438,UBERMOSH
1238,Substance 3D Painter 2024
1286,Tainted Grail: The Fall of Avalon Demo
2204,我和未来有个约定
929,PATAPON 1+2 REPLAY
2188,恐惧之间 Fear surrounds
869,Narcissu 1st & 2nd
1563,Zero-K
358,Dishonored®: Death of the Outsider™
2772,逃离性欲服侍人偶的房间
72,Artifact Classic
170,CULTIC
386,Duck Detective: The Ghost of Glamping
2934,👑 选王之剑 👑
1569,[NINJA GAIDEN: Master Collection] NINJA GAIDEN Σ
1667,东京股神 STONKS-9800
1055,RoBoRumble
381,Dream Tactics
1523,Wizardry Variants Daphne
2264,斗技场的阿利娜 Alina of the Arena
2328,机械战警：暴戾都市
1134,Sex with the Devil
470,Far Cry New Dawn
1368,The Room VR: A Dark Matter
2741,超级跑车收藏模拟器
1960,地狱卡牌 Hellcard
2535,知只大冒险
2682,虚之少女
56,Aloft
2801,钢铁巨像 机甲觉醒 试玩版
1444,Ubisoft Connect PC Client
2729,赵云传：云汉腾龙
2419,涂色大师：像素梦想家
1592,《上帝也疯狂：开天辟地》
1434,Tsukigakirei
827,Mount & Blade
1327,The Gunk
2694,蠢蠢角斗士
984,Prince of Persia
210,Chronicon - 英雄旧忆
325,Death Crown
697,Kraken Academy!!
1727,仙剑奇侠传三外传·问情篇
2407,流放大陆
2238,拜托！明天和我恋爱吧
389,Dungeon Defenders Eternity
1387,TheoTown
393,Dungeons & Dragons Neverwinter Nights 2: Enhanced Edition
649,Insurgency: Sandstorm
1462,VBridger
1869,卫国战争
2931,龙胤立志传 Playtest
2443,火之石 - 放置英雄RPG
1664,与经纪人恋爱是绝对禁止2
2804,铁匠大师 Blacksmith Master
1394,This Is the Police 2
356,Dishonored
1308,The Coma 2: Vicious Sisters
1630,《黑相集：心中魔》
503,Football Manager 2024 Editor
2704,装机模拟器 (PC Building Simulator)
2387,江湖十一
2212,我的好友小猪佩奇
1346,The Legend of Heroes: Trails of Cold Steel II
2381,永夜之围
1847,勇者斗恶龙 创世小玩家2 破坏神席德与空荡岛
469,Far Cry 6
1673,东方恋迷踪: 妖怪传说与幻想之旅 ~ Touhou Koi-Mystery: Legend and Fantasy of Monsters
2620,背包英雄 Backpack Hero
266,Curse of the Dead Gods
384,Driver Booster for Steam
2248,掘地求财
1435,Tsukuyomi: The Divine Hunter
948,Panzer Corps 2
348,Dicey Dungeons
2313,最后的咒语
243,Crash Bandicoot™ N. Sane Trilogy
585,Halls of Torment 苦痛殿堂
2907,黄金矿工:经典版
628,I wanna be the Creator
1744,余烬守卫 Emberward Demo
618,Horny Villa
1561,Zero Escape: The Nonary Games
2265,斩妖Raksasi
2746,越来越黑暗 Dark and Darker
635,Idle Fishing
89,BLEACH Brave Souls - 3D 动作
1486,WRC 9 FIA World Rally Championship
226,Console Shop Simulator
2829,隔离区-丧尸末日生存
79,Astrea: Six-Sided Oracles
2121,巫兎 - KANNAGI USAGI -
2476,爱与生活：幸福学生
487,Fetish Locator Week Two
2712,警区
2609,罪托邦 Demo
1834,力力普的工坊 - 试玩版
2008,太阁立志传Ⅴ DX
1718,人间地狱
249,CrossCode
250,Crosshair V2
2543,碧海黑帆
143,Book of Demons
926,PAC-MAN™ CHAMPIONSHIP EDITION 2
2709,觉醒异刃
1426,Transport Fever 2
220,College Kings - The Complete Season
637,Ikarus Parkour Demo
1131,Serious Sam HD: The Second Encounter
2518,百妖试禅心
360,Divinity: Original Sin Enhanced Edition
466,Fantasy General II
2438,漂泊牧歌 (The Wandering Village)
891,Nordic Ashes
1678,中华一商：传承
1190,Spark in the Dark Demo
1791,兽猎突袭
700,Kunitsu-Gami: Path of the Goddess - Demo
416,Enderal: Forgotten Stories (Special Edition)
623,How to Survive 2
1682,丸子与银河龙
1817,刃狱Demo
1223,Stranded: Alien Dawn
1248,Summer Pockets REFLECTION BLUE
950,Paper Planet
1724,仙剑奇侠传
273,DARK SOULS™: Prepare To Die Edition
1101,STRANGER OF PARADISE FINAL FANTASY ORIGIN
2537,矮人军团自走棋
1006,RESIDENT EVIL RESISTANCE
462,Fallout 76
15,911 Operator
2655,英雄竞起
1335,The King is Watching Demo
892,Northgard
1761,侠客风云传前传(Tale of Wuxia:The Pre-Sequel)
812,Monster Hunter Wilds Benchmark
2266,斩妖行
136,Bloodstained: Curse of the Moon 2
876,Neverwinter Nights: Enhanced Edition
2582,紫色晶石
242,Crafty Survivors
1545,XCOM: Chimera Squad
2501,瑞奇与叮当 时空跳转
338,Desert Stalker
657,It Takes Two Friend's Pass
1433,Trine 5: A Clockwork Conspiracy
967,Pictopix
540,Glass Masquerade 2: Illusions
152,Bully: Scholarship Edition
2618,背包乱斗 Demo
2860,飞越13号房
1002,Quickie: A Love Hotel Story
398,Dwarven Realms
73,Artifact Foundry
448,FINAL FANTASY XIV Online
1944,围攻
2045,孤岛猎神
1216,Steps of Debauchery
1127,Seek Girl:Fog Ⅰ
1810,凡尔纳：幻想之形
2131,帕斯卡契约：终极版
2464,灵魂面甲(Soulmask) Demo
1729,仙剑奇侠传五前传
918,Outcore
2370,死亡教堂
563,Grey Heritage: Noble Duty Demo
460,Fallout 3 - Game of the Year Edition
165,COCOON
2779,造物主 2
2885,魔法少女天穹法妮雅
1819,初音未来 Project DIVA MEGA39’s＋
1291,Tasty Planet
1773,元气小剧场
704,LISC
1766,修仙：但系统让我种田
2626,自走骑士团 试玩版
662,Jagged Alliance 3
1411,ToHeart
808,Modern Pink Elf RPG
308,Darkwood
175,Call of Duty: Black Ops III
2428,深空梦里人
1398,Through the Ages
322,Deadlink Demo
773,Magic: The Gathering Arena
2445,火影忍者 疾风传 终极风暴4
686,Kingdom Loop Playtest
2561,禁忌试炼
2222,战壕惊魂
799,Middle-earth™: Shadow of Mordor™
2283,无限进化 Demo
2768,迷途猫的灵魂碎片
1047,Returnal™
1961,地狱卡牌：序章
222,Company of Heroes
2258,数字伙伴
2806,铁壁矩阵：轴突塔防
1822,刺客信条4：黑旗
851,NBA 2K22
1894,司辰之书
2889,魔法符石
2725,贸易之路
2820,阿斯加德的陨落
2757,轮盘英雄 Playtest
4,100% Orange Juice
604,Heroes of Might and Magic: Olden Era Playtest
2330,杀死影子 Demo
1428,Tree of Savior (English Ver.)
1780,全网公敌2 新世界
2517,白色情人节：恐怖学校
1689,义闻录：轮回
1213,Steel Division 2
1513,Wheel World
2851,领土崛起
1935,喵门镖局 - Wild Woods
1898,同级生Remake
1373,The Slormancer
840,Muv-Luv Alternative
447,FINAL FANTASY XIII-2
2164,归拾 (PhiloDeka) Demo
107,Batman: Arkham Asylum GOTY Edition
335,Demons Roots
1709,人中之龙　极２
121,Bio Inc. Redemption
1974,墨池镇
263,Cube Racer
2816,长安：石之舞
2473,無雙☆群星大會串
2069,寄居隅怪奇事件簿 Hermitage Strange Case Files
2773,逃离鸭科夫 Demo
2560,神谕vr
2882,魔导士蒂亚与不可思议的大图书馆
1377,The Surge 2
1540,X-Morph: Defense
172,Caliber
2035,如果猫的愿望能实现
1447,Umamusume: Pretty Derby
1786,公会传说 遗落的世界
523,GUNDAM 创坏者4
645,Inkulinati 神笔谈兵
484,Feather
2845,霓虹深渊2 试玩版
1661,不双修就去世
2743,超级鸡马
1949,圣女战旗
1005,R2Beat: 音速觉醒
59,American Truck Simulator
904,OVIS LOOP Demo
995,Prototype
211,Chrono Odyssey Playtest
874,Netherworld Covenant Demo
2369,死亡之门
2724,贪婪大地
2306,暗黑战甲 试玩版
118,Beholder
1938,噩梦摇篮：献花于你
1402,Timelie
2054,完美的一天
2633,花妖物语2
1137,Shadow Tactics: Blades of the Shogun
1482,WINGSPAN (展翅翱翔)
1050,Rewrite+
888,Nobody Wants to Die
500,Football Manager 2023
93,Back to Bed
713,Laundry Store Simulator
1148,Shenmue III
1749,你所不知道的童话故事
1859,千禧梦 Demo
2606,绽放★青春全力向前冲！
120,Big Ambitions
1942,回家前都算是棉花糖
1383,The Witcher 2: Assassins of Kings Enhanced Edition
1280,TUNIC
1954,地下城军团-献予魔王的少女们-
2880,魔塔地牢
2645,英灵士魂
885,"No, I'm not a Human Demo"
1654,三相奇谈
187,Card Shark
97,Bad North
1892,只因山的鸡脚
2130,巴尔的遗产 试玩版
2745,超阈限空间 Superliminal
1261,Sword Art Online: Hollow Realization Deluxe Edition
51,Aim Hero
127,Bladed Fury｜幽林怪谈
111,Battle Nations
305,Darksiders II Deathinitive Edition
542,Gloria Victis
511,Friday the 13th: Killer Puzzle
1145,Shattered Pixel Dungeon
2899,麻布仔大冒险
1768,做个好梦
1836,动物园之星
1164,Skyrim Script Extender (SKSE)
1290,Tap Ninja
2184,恋爱从离别开始 Demo
2162,归家异途
2750,轩辕剑叁 云和山的彼端
1396,Thronebreaker: The Witcher Tales
112,BattleBlock Theater
2049,学园构想家
486,Fences 3
1113,Schedule I
2916,黑暗大陆编年史：堕落精灵 Demo
117,Beat Saber
149,Breeders of the Nephelym
134,Blind Descent Playtest
821,Moonless Moon
492,Finding Paradise 《寻找天堂》
740,Lonely Mountains: Downhill
794,Metro 2033
1886,古剑奇谭(GuJian)
2207,我是BOSS (Noobs Are Coming)
763,METAL SLUG
2059,宗门修仙录 Playtest
1589,《WILD HEARTS™》
346,DiRT Rally
1692,九劫曲:诅咒之地 NINE TRIALS
2384,求生岛：不老泉传说
539,Ghostwire: Tokyo
1728,仙剑奇侠传二
2255,救命！怎么又塌了!
2683,虚妄之盒 Demo
846,NARUTO SHIPPUDEN: Ultimate Ninja STORM 2
1535,Worldless
1437,Turmoil
796,Metro Exodus
2032,女神氪金系统
1455,Unrailed!
2399,波兰球：编年史
479,Fate War
2601,统一指挥2
923,Overcooked
1493,"Warhammer 40,000: Boltgun"
231,CoopRooms Demo
633,ISLAND
285,DELTARUNE (Chapter 1 & 2 DEMO)
2082,小三角大英雄
991,Project Wingman
877,Ni no Kuni Wrath of the White Witch™ Remastered
1001,Queen's Quest 3: The End of Dawn
258,Crysis 2 Remastered
621,Hotel Galactic Demo
2825,随时配种！异种族孕育后宫村庄
2310,暴食的怪兽公主：惑星美食之旅
1964,地球防卫军6
2373,死寂（DeathlyStillness）
625,HumanitZ
1986,大富翁10(Richman 10)
238,Counter-Strike: Condition Zero
327,Death's Gambit: Afterlife
103,Barony
2739,超级滑刃战士 Demo
1353,The Mr. Rabbit Magic Show
2436,满头大汗了吧，击球手！
2482,狂野星球复仇记 / Revenge of the Savage Planet
855,NEKOPARA After
1102,SUPER PEOPLE Playtest
194,Castlevania: Lords of Shadow - Ultimate Edition
1329,The House in Fata Morgana
976,Poly Bridge
1742,伽尔兰特：我的冒险故事
2570,笼中窥梦 Moncage
160,CD 2：陷阱大师
1745,你去死吧——多数表决死亡游戏
316,Dead Island Riptide Definitive Edition
934,PHOGS!
1078,SAMURAI SHODOWN
2758,边境开拓者
441,FINAL FANTASY VI
420,EroPhone
195,Cat Quest II
834,Mudborne：育蛙模拟器
256,Cry of Fear
810,Monster Hunter Stories 2: Wings of Ruin
268,Cyber Shadow
2529,真・三国无双７ with 猛将传
990,Project Unknown
1792,再刷一把2：金色传说
2579,米德加尔的部落
1085,SD GUNDAM 激斗同盟
2813,镇邪Ⅱ Playtest
2896,麦克斯韦解谜妖
2615,职场幻想
1536,Worms Armageddon
2200,我上了老妈的爆乳朋友
267,Cute Honey
2614,老广战役 Battle of Guang Demo
708,LOVE³ -爱立方-
154,Burnout™ Paradise Remastered
2103,尼古丁真大战芙蓉王源
1777,光明记忆
2848,青蛙的空之绿洲
1451,Undertale
689,Kingdom Rush Origins
2268,新仙剑奇侠传 单机版
2057,完蛋！我被美女包围了！2 试用版
534,Getting Over It with Bennett Foddy
1467,Valiant Hearts: The Great War™ / Soldats Inconnus : Mémoires de la Grande Guerre™
1188,SpaceEngine
2912,黑兽2‧改
978,Poly Bridge 3
2058,完蛋！我被美女包围了！前传
2832,雨世界
1185,Soviet Anomaly 7
1422,Touhou Luna Nights
2474,熔炉密林
1378,The Survivalists
2598,绝对魔权 试玩版
642,Incubus
2020,奇妙探险队2 Curious Expedition 2
2,100 New Year Cats
395,Dungeons 4
374,Drakantos Playtest
1121,Secret Pie (Adult Version)
1980,夏色泡影
1094,SOULCALIBUR VI
95,Backrooms Rec.
2460,灵视异闻 FILE23 本所七大不可思议
652,Into the Unwell Playtest
373,Dragon's Dogma: Dark Arisen
2113,崩溃大陆 2
2472,無休仙途/EndlessJourney
1965,坑小球的小宇宙
2776,选王之剑：零 Demo
2657,英雄黄昏
772,Mage Arena
671,KARMA: The Dark World Demo
493,Fireboy & Watergirl: Fairy Tales
1010,RPG Maker MZ
1022,Ravenfield
2256,救命！怎么又塌了! 试玩版本
86,Aven Colony
2903,黄昏酒馆 - Adult Only
1746,你和她和她的恋爱。
2727,赛菲莉娅
2315,月下之癫
2112,崩坏3
2883,魔法之境 Demo
2217,我秘密的暑假时光2
2687,蚁托邦
2175,忍者龟：施莱德的复仇
1149,Sherlock Holmes Chapter One
801,Midvinter
597,Hellpoint
883,No More Room in Hell 2
2891,魔王将至 He is Coming
2434,湮灭线
1993,大海贼探险物语DX (High Sea Saga DX)
1165,Slay the Princess — The Pristine Cut
902,OPUS：龙脉常歌 -最终版-
647,Inside the Backrooms
1738,优米雅的炼金工房 ～追忆之炼金术士与幻创之地～
1463,VRCFaceTracking
887,Nobody Saves the World
591,Hatred
2918,黑暗海妖
1900,名利游戏
750,LoveChoice 拣爱
453,FRAMED Collection
1882,受折磨的灵魂
646,Insaniquarium! Deluxe
1933,喜丧
129,BlazBlue Centralfiction
2312,最后一次突击
1129,Senua’s Saga: Hellblade II
1970,堕落少女：焰发的玛琪娜与遗迹之城
2737,超级机器人大战V
1461,VA-11 Hall-A: Cyberpunk Bartender Action
2700,街漓芳传
592,Haydee 2
2636,苍之彼方的四重奏 EXTRA1
297,Danganronpa 2: Goodbye Despair
2105,层层梦境
2012,失物招领模拟器
1415,Tomb Raider: Legend
1384,The Witcher: Enhanced Edition
1408,Titan Souls
2508,田园记
2532,真实台球3D - Pool
1380,The Texas Chain Saw Massacre
996,Psychonauts 2
2367,歧路旅人 II 序章体验版
2895,鸡生蛋蛋生鸡 Egg Chicken Farm
1366,The Room Three
87,Awaria
1126,Seek Girl Ⅱ
1017,Raging Loop
654,Iratus: Lord of the Dead
2675,落日余晖
1702,二分光景——COSER解体事件
2201,我们曾到此探险：友谊考验 - 友谊考验
726,Life is Strange Remastered
2002,天地有私，宿命之主
2208,我独自升级：起立·觉醒 Demo
911,Opus Magnum
1069,Runway 66
2797,野狗子: Slitterhead
184,Capcom Arcade 2nd Stadium
2565,秦殇
1505,Watch Dogs: Legion
906,Off The Grid
1567,Zup! 2
497,FlyKnight
2003,天月麻雀
543,Goat Simulator 3
2358,植物大战僵尸™: 和睦小镇保卫战
2656,英雄萨姆4
36,Achilles: Survivor
2165,影子武士2
2920,黑枪神悟空
377,Dread Hunger
1854,十六进制
54,Alice: Madness Returns
1857,千变的迷宫　风来的希炼６　蛇蜷岛探险谭
590,Hare 136
1393,Thief Simulator 2: Prologue
1220,Stonehearth
1759,侠之道(PathOfWuxia)
2491,猛鬼大厦
513,GINKA
1083,SCP: Rulebreaker
825,MotoGP™15
1646,三国志：建安外史试玩版
2297,春泥 Demo
1808,凛冬前线 / FrostBound Demo
2893,魚蛋妹
720,Legend creatures
2571,笼子
595,Heavy Metal Babes
678,Kena: Bridge of Spirits
193,Castlevania Dominus Collection
1074,Rusty's Retirement
257,Crysis 2 Maximum Edition
148,Brawlhalla
2711,解限机 Demo
1971,塔罗斯法则：重启
2677,葬花·暗黑桃花源
842,My waifu guild
1306,The Cave
259,Crysis 3 Remastered
859,NEKOPARA Vol. 4
1086,SENRAN KAGURA ESTIVAL VERSUS
2287,星之後裔 : Knights of Veda
872,Neon Beats
1157,Silent Hill: Homecoming
477,Farming Simulator 22
261,Cube Escape Collection
2634,花开之魔种
2411,浮生游歌
932,PCMark 10
2670,菜市场模拟器
970,Pizza Tower
1120,Sealing Tower
2507,生死狙击（国际版）
668,KANADE
1028,Rebirth:Mr Wang
1417,Torchlight III
2588,纸嫁衣
2323,末日准备狂：序幕篇章
705,LIVE A LIVE: Demo Version
605,Hexcells Infinite
2699,衔尾：龙之铃
561,Gremlins vs Automatons
2185,恋爱关系/Romance
882,No More Room in Hell
422,Escalation!
28,AI少女情人梦   AI Girl Lovestory
2257,救赎之路
2908,黄金魁犬
130,Blazing Beaks / 神鸭特攻
619,Hot And Lovely ：Dream
380,Dream Eaters.exe Demo
658,Ithya: Magic Studies
414,Ells Tales: Chairbound
920,Outlast
2755,轮作法 Crop Rotation
1763,俄罗斯人对蜥蜴人
1599,《命令与征服™：红色警戒 3》
608,Highway Blossoms - 花开公路
1897,同步音律喵赛克
853,NBA 2K24
1180,Soundpad Demo
2534,瞎闹猎车手
731,Lil Gator Game
959,PerfectLover 完美女友
2230,房产达人
2435,溯光行 Demo
473,Farm Frenzy 3
2924,黑色印记
2901,黄昏的天使
5,12 is Better Than 6
55,Aliens: Dark Descent
349,Dig or Die
1669,东方冰之勇者记
2728,赫雷斯的角斗场Ⅱ
162,CHAOS;HEAD NOAH
264,Cucumber
2254,放学后
2377,毁了的护士
2669,莱莎的炼金工房３ ～终结之炼金术士与秘密钥匙～
342,Devil May Cry 4 Special Edition
2124,巴克斯的庆典
2731,超凡双生
789,Mega Man Legacy Collection
1021,Ratopia
105,Barro F22
2690,螃蟹大战 2
903,OVER‧DeviL：圣石少女篇
519,GROUND BRANCH
742,Lords Of The Fallen
627,I Expect You To Die
1498,"Warhammer 40,000: Warpforge"
2215,我的美熟继母💋
430,Exo One
2414,海港物语 Havendock
1865,卡牌店模拟器 多人联机版 试玩版
756,Lust Theory
1259,Survive the Fall Demo
1870,历历在目
746,Lost
2544,碳酸危机 试玩版
1123,Sect-Machina
1225,Stray
45,Age of Empires: Definitive Edition
2368,死亡与税赋
1666,世界树的迷宫 HD REMASTER
550,Gorogoa
451,FINAL FANTASY XVI DEMO
1229,Street Fighter 6 Demo
1541,X-Tension
102,Banana Shooter
239,Counter-Strike: Source
1751,你的彩虹牛牛
33,ATRI -My Dear Moments-
768,MORDHAU
2077,寻诗奇遇
2481,犹格索托斯的庭院
169,CRISIS CORE –FINAL FANTASY VII– REUNION
2877,鬼道:地府甦醒
1285,Tainted Grail: Conquest (污痕圣杯)
1287,Tales of Berseria
2046,孤岛笔记 Demo
245,Creepy Shift: House For Sale
1735,伊苏IX -怪人之夜-
2086,小小梦魇 强化版
463,Fallout Shelter
2581,索尼克×夏特 世代重启
2936,🕌魔塔与6️⃣勇者  (Six Braves)
871,Nekoview
1487,WRC Generations - The FIA WRC Official Game
1038,Resident Evil 4 (2005)
577,Hacker Evolution
1194,SpongeBob SquarePants: Battle for Bikini Bottom - Rehydrated
907,One Hand Clapping
629,ICEY
8,30 Days on Ship Playtest
63,Amnesia: The Dark Descent
1683,丸霸无双
2278,无尽星火 (Star Fire: Eternal Cycle) Playtest
2817,闪客快打单机版合集2021
2664,莫莫多拉: 月下告别
2183,恋~一些小清新的猎奇故事~
1430,Trine
1893,台球2D - Poolians
856,NEKOPARA Vol. 0
378,Dreadway Demo
824,Mortal Shell
2089,"小猫咪大城市 Little Kitty, Big City"
2193,悟空传奇
2735,超级包租公
158,CARRUMBLE
2301,暗夜之爱
2513,病房轶事～在凶恶护士长主宰的医院深渊中过着卧底生活～
472,Far Cry® 3
1343,The Legend of Heroes: Trails in the Sky
612,Hitman: Absolution
1963,地球勇者 Earth Fighter Demo
710,Labyrinthine
1379,The Tenants
985,Prince of Suburbia - Part 1
1748,你已经猜到结局了吗
1658,上行战场 / The Ascent
2590,纸嫁衣5来生戏
880,Night of the Dead
1222,Storyteller
1862,南瓜杰克
2927,鼓手余命十日谭
2458,灵境·修仙界
951,Paradox Soul
1551,Yet Another Zombie Defense HD
1116,Scorn
106,Barro GT
2855,风帆纪元 Sailing Era
2887,魔法少女的魔女审判 逝玩版
1351,The Mirror Lied
2770,退潮
1527,Wolfenstein II: The New Colossus
504,For the Queen
1012,RUNNING WITH RIFLES
1153,Shovel Knight: Treasure Trove
1152,Shift Happens
233,Corner Shop: Nightshift Demo
807,Mitsurugi Kamui Hikae
2014,失落的记录：绽放与愤怒
2052,宅男的人间冒险
875,Neverending Nightmares
1546,Xenopurge
2041,妖谈：百鬼夜行
2671,萌宠拆拆乐
337,Deponia
1210,SteamWorld Dig 2
2316,月之镜：欲望之馆
1416,Torchlight II
1590,"《Warhammer 40,000：混沌之门 - 恶魔猎人》"
2311,曙光防御
357,Dishonored 2
1390,Thief
2584,红怪
91,Baba Is You
780,Marvel’s Avengers |《漫威复仇者》终极版
1478,Viscera Cleanup Detail
2406,流亡黯道2
1359,"The Princess, the Stray Cat, and Matters of the Heart 2"
1826,刺客信条：幻景
961,Permute
1081,SCP: 5K (Alpha Testing)
838,MustScream
1547,X飞行俱乐部：FPV无人机模拟器 Demo
2629,艾妮希雅与契约纹 ～马蹄大街的娇弱圣女～
583,Half-Life 2: VR Mod
2037,妃神会秘史
2094,小马宝莉：西风高地谜团
367,Doors: Paradox
375,Drakensang Online
2206,我在地府打麻将 Demo
2756,轮回修仙路
439,FAR: Lone Sails
1934,喵喵角斗士 Demo
788,Mecharashi
352,Dinkum(金垦小镇) Demo
2416,海绵宝宝 : The Cosmic Shake
1276,TOEM
1812,出將入相 Demo
2808,铁甲雄兵 Blood of Steel
507,Forspoken
1082,SCP: CB Multiplayer Reborn
1072,Rusty Lake Hotel
192,Castle of Illusion
861,NIDANA
2524,真·女神转生Ⅴ Vengeance Demo
124,Black Mesa
2796,重铸纪元：自由地
526,Game Dev Tycoon
1221,Stormworks: Build and Rescue
2569,符文竞技场
971,Planet of Lana
2646,英灵学院
196,CatTuber
382,Dream Team Basketball
1754,你确定要喝这个？Demo
960,Peripeteia
2459,灵拳 Spirit X Strike
326,Death Road to Canada
2637,苍空之韵 Demo
1672,东方心之解束~Saving from the devil
1344,The Legend of Heroes: Trails in the Sky SC
693,Knightica: Prologue
2071,寇莎梅特：困世迷情 Consummate:Missing World
2852,领土防御：我们让经常刷到的虚假广告变成了真正的游戏
2872,高考恋爱一百天
2375,死环：二次冲击 Demo
1694,九州剑歌
531,Gears Tactics
1558,Yu-Gi-Oh! Duel Links
517,GRID 2
287,DISTRAINT 2
47,Age of History II
1160,Sisters~夏日的最后一天~
1806,冻京NECRO
528,GameCreator
248,Crime Simulator
2551,神器行者: 重生
2819,间谍密令 Spy Drops
1920,咔砰！玩具乱斗屋 Playtest
1873,原点计划
2159,异星铁路
84,Automobilista 2 Demo VW TSI Cup
221,Commandos: Origins
135,Blood Code
155,Bus Simulator 21 Next Stop
1560,Zero Chastity: A Sultry Summer Holiday
1475,Virtua Fighter 5 R.E.V.O.
2749,轨道连结 - Railbound
1429,Tricky Towers
2177,快穿少女拼图
1928,哥布林女仆大扫除 Demo
168,CPUCores :: Maximize Your FPS
2263,文字规则怪谈
319,Dead Space 2
2558,神椿市协奏中。
2115,工业巨头 (Captain of Industry)
2747,趣拼拼：肖像画 Pleasure Puzzle:Portrait
2421,淫落心理咨询~妻子在丈夫面前暴露本性~
1375,The Stanley Parable: Ultra Deluxe
626,Huntdown
1639,万手一体
2603,绯红结系 Story Demo
2309,暴雨
1736,伏魔行者
2824,随从大师
757,Lust Theory Season 2
927,PAGUI
2401,波西亚时光
707,LOLLIPOP CHAINSAW RePOP
1712,人中之龙６　生命诗篇。
2038,妄想症 Deliver Me
894,Nova Lands
1303,The Binding of Isaac
171,Cabernet
1061,Rocket League
2793,采石场惊魂
893,Not Another Weekend
138,Bloons Card Storm
411,Elemental Girls
372,Dragon's Dogma 2 角色编辑＆保存
665,Jump King
291,DOOM 3: BFG Edition
1789,兽娘秘境：异象残影(Mysteria~Occult Shadows~)
2044,姐姐恋爱法则 Playtest
1474,Viridi
1297,Terminator: Resistance
1088,SKYBOX VR Video Player
968,Pillars of Eternity
1549,Yaga
1026,Re:VER PROJECT TOKYO Demo
1302,Thalassa: Edge of the Abyss
692,KnightShift
275,DATE A LIVE: Ren Dystopia
1059,Robocop: Rogue City Demo
2284,时空重构
219,Cloudpunk
1340,The Last Stand: Aftermath
2260,数码宝贝世界 -next 0rder-
837,Mushroom
1481,WILL: A Wonderful World
1795,冒险之旅：十字军东征
2174,忍者神龟：破碎命运
2009,太鼓之达人 咚咚雷音祭
66,Anno 1404 - History Edition
37,Across the Obelisk
672,KILL THE WITCH Demo
1868,卡莱蒙沃之塔 Tower of Kalemonvo
1741,传说法师2
1315,The Drifter
415,EmyLiveShow: How To Write A Bestseller
34,Abra-Cooking-Dabra Demo
363,Doki Doki Literature Club Plus!
2505,生化奇兵：无限 完全版
1771,催眠学习 —Secret Desire—
1851,勇者被宠坏的奇幻世界RPG
1945,国王的新牌 试玩版
2236,抵抗魅魔-被魔纹侵蚀的女骑士的末路
2308,暴走恐龙 Terror of Hemasaurus
638,Immortals Fenyx Rising
318,Dead Rising 4
2412,海参2
2909,黎明之诺
1365,The Room
2127,巴别塔圣歌
1958,地狱丧钟 Hell Clock Demo
2555,神弃之地 Demo
544,God Of Weapons
1413,Tom Clancy’s Rainbow Six Extraction Demo
2486,狼之编年史
624,Hue
1501,Warplanes: WW2 Dogfight
890,Noitu Love 2 Devolution
432,F1 2018
20,A Promise Best Left Unkept - Aya Edition
1309,The Coma: Recut
2575,篮下王朝：战术大师
2608,罗格：救世传说
954,Pathfinder: Kingmaker
1996,大货车极限竞赛
2859,风来之国 (Eastward)
1740,传说与战术自走棋
2878,魂之归宿
67,Antimatter Dimensions
2047,孤星猎人
1483,WISH Paradise
2892,魔骑少女
2720,诸神之劫：自走棋
659,JDM: 漂移大师
60,Ammossum Playtest
1264,System Shock
2628,舰队使命 大海战2
866,NOBUNAGA'S AMBITION: Souzou
433,F1 2021
935,PICO PARK
1861,半妖忍少女
1531,World of Guns: Gun Disassembly
1073,Rusty Lake Paradise
610,Higurashi When They Cry Hou - Ch.4 Himatsubushi
2487,猎厨狂欢 Demo
240,Cowboy Life Simulator Playtest
1369,The Roottrees are Dead
1804,冰海孤翼 (体验版)
1151,Sherlock Holmes: The Devil's Daughter
656,Iron Meat
1135,Sexy Beats
1637,七龙珠 破界斗士
857,NEKOPARA Vol. 2
1356,The Past Within
1175,Somerville
1530,World of Goo 2
1187,Space Haven
1991,大比斗传说
2471,热血硬派国夫君外传 热血少女2
2132,帝国入境所
215,Classic Sudoku
2053,守夜人：长夜
664,Joy Life
2228,战魂铭人
2075,对弈五千年
1918,咒运魔骰
2703,被虐的诺艾尔 S1-7 试用版
1018,Raiders of Blackveil Demo
475,Farm Together 2
2110,岁久丹青 Demo
163,CHRONO TRIGGER
712,LastCloudiaTc
2070,密室逃脱模拟器
622,House Party
1988,大富翁4
1866,卡牌生存：奇幻森林
1620,《极品飞车：热力追踪》重制版
602,Hero Siege
1990,大恶人千金 枭雌百合战记 Demo
1946,图形塔防
783,Max Payne 3
2189,息风谷战略 Demo
2917,黑暗时代：背水一战
454,FTL: Faster Than Light
2723,负鼠闹翻天
1133,Sex of Thrones 2 👑 Demo
1640,万民长歌：三国 Demo
2789,都市传说解体中心
2597,绝境使者 TimeTreker
2134,帝国游戏：像素英雄 Demo
1251,Super Animal Royale
2181,怪物圣所
1322,The First Berserker: Khazan Demo
2516,登阶 Demo
1289,Tales of the Black Forest
896,Nunholy
181,Call of Duty®: Modern Warfare® 3 (2011)
1171,Snooker Nation Championship
2689,蜡笔小新“煤炭镇的小白”
2158,异形工厂（Shapez）
2149,废土之歌
1065,RollerCoaster Tycoon Classic
2090,小白兔电商
1841,劫后公司
815,Monster Train
973,PlayStation®VR2 App
2372,死域Rogue
2450,火花奇遇记：自动化冒险
568,Guild Wars 2
1753,你的老母
1598,《命令与征服3：泰伯利亚战争》
1688,久那土国记
23,ABZÛ
727,Life is Strange: Before the Storm Remastered
782,Material Girl
748,Lost in Random: The Eternal Die Demo
1537,Worshippers of Cthulhu
1015,Racine
1573,eden*
1364,The Rise of the Golden Idol
1842,劫盗惊魂夜
787,Mecha Legends Demo
1794,再见断刀 Demo
2814,镜头人生-模特写真馆 Demo
428,Everdream Village Demo
262,Cube Escape: Paradox
1675,丧尸卡牌
2744,超自然车旅 Pacific Drive
2905,黄泉之路
2261,整理拾光 Demo
1172,SnowRunner
1502,Warstone TD
2599,绝望之地
1526,WolfQuest: Anniversary Edition
2143,幻想神域 - 源神啟動
1200,Star Valor
2307,暗黑森林 DEMO
719,Left 4 Dead 2 Authoring Tools
1040,Resident Evil 6
2000,天命奇御：归途
1796,冒險奇譚高畫質重製版
2676,落星 Demo
2697,血盟守卫军 II
1941,回声工坊 RplGen Studio
2595,终落之城 试玩版
865,NOBUNAGA'S AMBITION: Kakushin with Power Up Kit
1575,iRacing
567,Guidus Zero
1528,Wolfenstein: Youngblood
2244,指尖疾速：打字狂潮
146,Borderless Gaming
2160,异端者 (Heretical)
333,Demon Bluff Playtest
2554,神奇魔法师
721,Leisure Suit Larry - Wet Dreams Dry Twice
421,Erophone Re
655,Iron Harvest
2350,桌面小猫娘
26,AI LIMIT 无限机兵 Demo
188,Carnal Instinct
1880,反叛的使徒
1816,刀剑神域 碎梦边境
699,Kung Fu Strike: The Warrior's Rise
85,Avatar: Frontiers of Pandora
636,IdleOn - 放置类MMO
2915,黑暗之心
502,Football Manager 2024 Demo
2673,萝乐娜的炼金工房 ～亚兰德之炼金术士～ DX
767,MONSTER HUNTER RISE: SUNBREAK DEMO
345,DiRT 3 Complete Edition
2237,拆卡模拟器
835,Murderous Pursuits
1948,圣剑传说 Visions of Mana 体验版
1904,吹弹！丰盈！波涛汹涌！异世界魔法学园！
1509,WayOut
641,Increlution
1588,《Unravel Two》
2545,祝姫
1242,Sudden Strike 4
2293,星烬 烛耀山海 Demo
2662,莉洁与试练之城
1244,Sudoku Jigsaw
2604,维京之城
938,PIONER Demo
2906,黄老饼梦游惊奇
2187,恐怖的世界
2674,萤火虫动映
2190,恶月十三
446,FINAL FANTASY X/X-2 HD Remaster
2840,雾影猎人 Playtest
494,Fishing Planet
58,Amarillo's Butt Slapper
2665,莱卡：鲜血铸就
764,MOBA走位训练器
2465,灾变前夜
1562,Zero Hour
884,No Such Place Playtest
2624,胡闹装修 终极版
2836,雪山别墅和三个女孩的做爱假期
320,Dead Space™ 3
1969,堇的天空
1441,UFO 50
1516,Wild Life Demo
2216,我的超级现充生活 全语音版
900,ONE PIECE World Seeker
1013,Rabbit and Steel
702,LEGO® The Lord of the Rings™
2360,樱之杜†净梦者
2385,江城创业记
1241,Succuboss
1922,咖啡星矿工 序章
2324,末日清理专家 (Doom Sweeper)
230,Cooking Simulator
620,Hot Lava
937,PICO PARK:Classic Edition
1237,Substance 3D Designer 2024
754,Lushfoil Photography Sim
1052,Rift of the NecroDancer
1110,Say No! More
81,Atomicrops
729,Life is Strange: True Colors
2788,部落幸存者
1459,Urban War Defense
2684,虚妄轮回
1691,乌鸦先生的独白 - A Raven Monologue
1217,Stick Fight: The Game
2351,梦之形: 序章
2063,宝藏猎人克莱儿
344,Devil May Cry HD Collection
1159,Sir Whoopass™: Immortal Death
2305,暗黑堕落幸存者 Playtest
2483,狙击手：幽灵战士契约
1564,Zombie Army 4: Dead War
2454,灰烬之国 Cinderia
1066,Root
1790,兽娘红茶馆 Demo
467,Far Cry
1684,为主人献上圣罗的甜蜜侍奉
2520,皇帝与社稷
2623,胡闹搬家2
334,Demonologist
1783,全面战争：战锤
2172,忍堕－女忍调教
1077,SAEKO：女巨人恋爱模拟
1003,Quilts and Cats of Calico (猫与花毯)
2732,超控行者
1197,Squad 44
1195,Sprocket
1623,《潜行者：普里皮亚季的召唤》增强版
2493,猫猫钓游记 试玩版
2811,锚点降临
1668,东北之夏
1538,Wuppo - Definitive Edition
674,Kalimba
2198,愤怒的孙子们
1136,Shadow Labyrinth 暗斗迷宫
1484,WRC 10 FIA World Rally Championship
2145,幻耀的羽毛 / Mirage Feathers
2853,风与鸟 - Wind and Bird
189,Cassette Beasts 磁带妖怪
1025,Rayman Legends
2426,深海迷航：冰点之下
728,Life is Strange: Double Exposure
41,Age of Empires II (2013)
315,Dead Island Definitive Edition
849,NBA 2K20
2818,闲置猎手
247,Crime Scene Cleaner: Prologue
1772,像素哥3
1670,东方华彩乱战2
747,Lost Castle
1122,Secrets of Grindea
465,Family Crush
2379,水浒绘卷 Demo
131,Bleak Haven Demo
2224,战甲机索尔冈特
32,ASTLIBRA ～生きた証～ Revision Demo
917,Out of Stock! Demo
1105,Saints Row
1910,命定奇谭
2396,沙耶之歌
2199,我上了我的爆乳经理
2457,灵动桌面
2587,纷争终结者: 被遗弃的孩子们
1950,圣杯誓约
1511,Welcome to Free Will
2156,异形丛生：虫启天降 (Alien Swarm: Reactive Drop)
1298,Terminull Brigade Playtest
2334,東方紺珠伝 ～ Legacy of Lunatic Kingdom.
92,Baby Steps Demo
584,Half-Life: Alyx
1204,Starship Troopers: Extermination
2809,铁骑少女
2361,橡胶强盗: Rubber Bandits
1750,你救世主播？
2784,遗迹：灰烬重生
589,Handyman Legend 水管工传说
1401,Time Wasters
2382,永恒空间2
2698,血腥画家恋爱游戏
1987,大富翁11
1211,SteamWorld Heist
2300,暗喻幻想：ReFantazio～序章试玩版～
2019,奇妙探险队 Curious Expedition
2318,月影魅像-解放之羽-
599,Hentai Girl Division
3,100 Waiting Cats
596,Hell is Us Demo
90,BRAVELY DEFAULT II
1743,余烬守卫 Emberward
418,Ephemeral
2826,隐居军师的救国战略
2640,苏丹的游戏 Demo
1169,Slyders Demo
2408,流浪者
2467,炼金之道 试玩版
1310,The Crew 2
2577,米塔 MiSide Demo
2231,房产达人 2
2213,我的小绿屋
1925,哆啦A夢的銅鑼燒店物語 (Doraemon Dorayaki Shop Story)
1063,Rogue : Genesia Demo
1631,ウマ娘 プリティーダービー
1775,光与影的二重身
329,Debugging Hero
2754,转生Galgame成为女主角！
62,Amnesia: The Bunker
1328,The Horde Wants You Dead Demo
2589,纸嫁衣4红丝缠
2658,英魂之刃
1571,delivery pals
409,Easy Cat Timer
548,Going Medieval ( 前往中世纪 )
1263,Symphonic Rain
167,CODE VEIN Demo
2798,金币辉煌
1839,动画制作物语 (Anime Studio Story)
2716,试用版魔王将至 He is Coming Demo
910,Operation swat
2042,妮娜诺 : 梦之牧场
1147,Sheepy: A Short Adventure
1250,Sunless Sea
2834,雨中冒险: 回归
1927,哈希绿洲（Hash Oasis）
956,Pathologic 2
639,Imperator: Rome
2702,被虐的诺艾尔 Complete Edition
2429,深空涡旋 Star Vortex
71,Art of War: Red Tides
2583,红弦俱乐部
1266,TCG Card Shop Simulator: Prologue
1477,Visage
1042,Resident Evil Revelations
2753,轩辕剑柒-免费试玩版
1391,Thief Simulator
1161,Sixtar Gate: STARTRAIL
2691,融雪
21,A Short Hike
1733,仙途幻境
1457,Untitled Goose Game
2652,英雄传说：闪之轨迹II：改 –The Erebonian Civil War-
908,OneShot: World Machine Edition
2080,封神榜重置版
1992,大江湖之苍龙与白鸟
125,Black Reliquary
2902,黄昏酒馆
1314,The Dragonhood
2449,火线迈阿密2：空号
2778,速速上菜！
394,Dungeons & Dragons: Chronicles of Mystara
2088,小小的岛Demo
1663,不恋爱就完蛋了
413,Elin Demo
417,Enotria: The Last Song
1855,十年不晚
716,League of Maidens
202,Cell to Singularity - Evolution Never Ends
2681,虐杀熔炉
2329,机械迷城 (Machinarium)
1621,《法外枭雄：滚石城》Crime Boss: Rockay City
2794,重塑文明 Rebuilding Civilization Demo
2220,战国无双５
2064,实力单身
1367,The Room Two
1425,Transistor
1490,War Robots: Frontiers
2232,托托莉的炼金工房 ～亚兰德之炼金术士2～ DX
683,Kindred Spirits on the Roof
1386,The friends of Ringo Ishikawa
1762,侠道游歌
1207,Stealth Inc 2
12,5D Chess With Multiverse Time Travel
2586,纪元: 变异
999,Pâquerette Down the Bunburrows Demo
173,Call of Duty (2003)
480,Fate/EXTELLA
2097,少女与城主
2078,导演模拟器
1068,Runers Demo
1448,Umineko When They Cry - Question Arcs
2125,巴别号漫游指南
1891,另一个肉鸽农场 试用版
2247,捉妖物语2
737,Little Witch Nobeta
178,Call of Duty: World at War
1885,叠叠高城 Pile Up!
2766,迷你舒适房间：Lo-Fi（试玩版）
989,Project Nimbus: Complete Edition
1354,The Outer Worlds
1252,Super Auto Pets
1506,Watch_Dogs
341,Despotism 3k
2479,牌兵布阵 Demo (Commander Quest Demo)
1115,Scope X
653,Inunaki Tunnel | 犬鳴トンネル
1653,三國志13
1924,咸鱼殿下
2605,维斯塔利亚传说2：希尔瓦比西之圣剑
2680,蓝途王子
1489,War Robots
751,Lucy Got Problems
40,Ad Infinitum
2209,我的人生
1914,命运游戏2：百年之约 Demo
2663,莎拉的黑店
1770,偷天骑士 Playtest
2823,除灵事务所
2179,性感史莱姆派对（Slime Sexy Party）
1615,《无主星渊》 公开试玩
383,Drive Beyond Horizons Demo
1456,Unravel
1124,Seed Hunter 猎源
1,"""百英雄传   Eiyuden Chronicle: Hundred Heroes"""
1485,WRC 7
2898,麦穗镇物语：放置好时光 试玩版
1247,Summer Pockets
2713,记忆的琴键
2100,少女理论以及周边 -École de Paris-
254,Crusader Kings II
260,Crysis Remastered
2926,黑道麻将
2566,突然＊恋人
600,Hentai Girl Fantasy
2150,废土帝国：人类复兴
1138,Shadow Tactics: 爱子的选择 Aiko's Choice
2791,醉风酒 Demo
301,Dark Hours: Prologue
1095,STAR OCEAN THE SECOND STORY R - DEMO
2356,棋弈无限：中国象棋
1613,《文字游戏》
2180,怪兽远征
1767,偏差者
1345,The Legend of Heroes: Trails into Reverie
1723,从画面中出来的我推Vtuber的同居生活 ～梦魔可爱ASMR主播是地雷系？～
330,Deep Secret
495,Flobe
2033,女鬼桥 开魂路
895,Nuclear Blaze
2036,如神之馆～欲望的247～
365,Dolmen
1224,Strange Brigade
2466,灾殃The Scourge
648,Insurgency
2333,東方獣王園 〜 Unfinished Dream of All Living Ghost.
2034,女鬼桥二  释魂路
2325,机动战士 GUNDAM SEED 激斗命运 复刻版
673,Kabuto Park
2040,妖恋西游 Demo
1446,Ultimate Zombie Defense
1656,三角洲行动试玩版
977,Poly Bridge 2
298,Danganronpa Another Episode: Ultra Despair Girls
666,Just Cause 4
598,Helping the Hotties
1246,Sudoku Zenkai
1033,Resident Evil
2642,苏菲的炼金工房２ ～不可思议梦的炼金术士～
1371,The Seven Realms: Terran
1787,共享委员长
1283,Tacview
1840,努力工作吧 梦魔酱！
1824,刺客信条：启示录
1439,UBERMOSH Vol.3
1896,合约女友的一日体验:凯洛与嘉米
423,Escape Simulator 2 Demo
61,Amnesia
1374,The Spell Brigade Demo
403,EGG
1580,《Battlefield 3™》
1454,Unpacking
1350,The Medium
792,MementoMori
714,Layers of Fear (2016)
390,Dungeon Fighter Online
177,Call of Duty: WWII
496,Flowers -Le volume sur ete-
769,Mad Island
397,Dwarf Fortress
2621,背后：异化
2252,揭棺而起
1118,Sea of Stars 星之海
64,Among Us
1634,七度荒域：混沌之树
1143,Shards of Her
858,NEKOPARA Vol. 3
1023,Ravenous Devils
1512,What Remains of Edith Finch
1566,Zup!
1966,坤化危机2
1334,The Isle Dedicated Server
2240,拼图猫娘4
485,Femdom Wife Game - Zoe
1984,夜行
2092,小缇娜的奇幻之地
952,Path of Exile
963,Phantom Brigade
1953,在樱花色 梦境中恋上你
988,Prison Survival: Architect of Crime Simulator Playtest
2141,幸运草的约定
2552,神奇动物养殖中心：放置好时光
1181,Source Filmmaker
1519,Witch It
2154,异兔传说 Playtest
1046,Return of the Obra Dinn
114,Battlestar Galactica Deadlock
2235,抬头只见天花板 Looking Up I See Only A Ceiling
96,Backrooms: Escape Together
1337,The Last Case of Benedict Fox
1114,Schedule I: Free Sample
2342,枪匠模拟器
1117,Sea Power
2099,少女武士-葵纹
2557,神树残响 Demo
286,DEVOUR
2291,星咏之诗
1577,inZOI: Creative Studio
830,Mount & Blade: With Fire and Sword
928,PAPERHEAD EP0
1132,Severed Steel
2391,沉没之地
2730,超侦探事件簿 雾雨谜宫 Plus
1835,动物之灵
1962,地狱里的牛马
1930,哥里：可爱大灭绝 (Gori: Cuddly Carnage)
784,Maxwell's puzzling demon - demo
331,Deepest Sword
1431,Trine 2
785,Mayhemers
379,Dreadway Playtest
949,Paper Dolls 2
1881,反转21克
2792,醋意乱流
1313,The Dark Occult
2079,封神榜  伏魔三太子（重制版）
1676,中专预备役 Demo
650,Internet Cafe Simulator
1256,Superfighters Deluxe
870,Need for Speed™ Most Wanted
1019,Raji: An Ancient Epic / 拉吉：远古传奇
476,Farming
2023,奥术轮回
2540,破晓 Demo
406,EVE Online
2005,天际都市物语
2277,无垠之心 - A Space for the Unbound
1508,Wavetale
489,Field of Glory II: Medieval
1972,墙世界
1926,哆啦A梦 牧场物语 自然王国与和乐家人
1007,RIDE 4
1521,With My Past 往事伴我
979,Poppy Playtime
735,Little Nightmares II Demo
