game_id,游戏名称,steam_app_id
1202,Stardew Valley,730
391,Dungeon Warfare 2,730
2922,黑神话：悟空,730
52,Aimlabs,730
1407,Titan Quest II,730
2423,深岩银河,730
2205,我在地府打麻将,730
1612,《战地风云™ 6》Beta 公测,730
100,Baldur's Gate 3,730
946,Palworld / 幻兽帕鲁,730
2285,明末：渊虚之羽,730
368,Dota 2,730
2221,战场兄弟 Battle Brothers,730
455,Factorio,730
2380,永劫无间,730
2437,满庭芳：宋上繁华,730
142,Bongo Cat,730
1488,Wallpaper Engine：壁纸引擎,730
1166,Slay the Spire,730
2340,极限竞速：地平线 5,730
2631,艾尔登法环 黑夜君临,730
1231,Streets of Rogue,730
1982,多重人生,730
506,Formula Legends Demo,730
2186,恋爱成双,730
745,Lossless Scaling,730
1776,光与影：33号远征队,730
2619,背包乱斗：福西法的宝藏 Backpack Battles,730
1832,剑星,730
572,HELLDIVERS™ 2,730
944,PUBG: BATTLEGROUNDS,730
2759,边缘世界 RimWorld,730
1014,Rabi-Ribi,730
732,Limbus Company,730
2326,机动战士高达 激战任务２,730
2096,小黑盒加速器,730
1499,"Warhammer 40,000: 星际战士2",730
1177,Sons Of The Forest,730
634,Idle Champions of the Forgotten Realms,730
459,Fallen / Brand New World,730
80,Ato,730
25,AI LIMIT 无限机兵,730
676,Keep on Mining!,730
933,PEAK,730
1591,《上古卷轴®OL》,730
811,Monster Hunter Wilds,730
2850,非生物因素,730
1947,土豆兄弟(Brotato),730
814,Monster Hunter: World,730
556,Grand Theft Auto V 增强版,730
237,Counter-Strike 2,730
1228,Street Fighter 6,730
1317,The Elder Scrolls V: Skyrim Special Edition,730
1079,SAO Utils 2: Progressive,730
1717,人类一败涂地 / Human Fall Flat,730
343,Devil May Cry 5,730
1155,Sid Meier's Civilization VI,730
405,ENDER MAGNOLIA: Bloom in the Mist,730
2006,太吾绘卷 The Scroll Of Taiwu,730
1952,在校工室与JK共度的日常,730
68,Apex Legends,730
1716,人渣,730
279,DEAD OR ALIVE Xtreme Venus Vacation,730
1697,九球轮盘赌,730
2218,我！勇者?,730
2547,神之天平（ASTLIBRA Revision）,730
282,DEATH STRANDING DIRECTOR'S CUT,730
19,A Plague Tale: Requiem,730
359,Divinity: Original Sin 2,730
1611,《战地风云™ 2042》,730
1752,你的老婆,730
2056,完蛋！我被美女包围了！2,730
1838,动物迷城,730
2022,奇迹一刻 Surmount,730
2841,雾锁王国 (Enshrouded),730
1139,Shadow of the Tomb Raider,730
246,Crime Scene Cleaner,730
1737,伐定天下,730
2227,战锤40K：暗潮,730
631,INSIDE,730
44,Age of Empires IV: Anniversary Edition,730
1876,双影奇境,730
574,HITMAN World of Assassination,730
897,OBS Studio,730
529,Garry's Mod,730
725,Lies of P,730
426,Europa Universalis IV,730
1785,全面战争：战锤3,730
2802,钢铁指挥官,730
2740,超级电影大亨 Demo,730
1619,《极品飞车™：不羁》,730
1937,嗜血印 Bloody Spell,730
1268,TEVI,730
436,F1® Manager 2024,730
1608,《彩虹六号：围攻X》,730
864,NINJA GAIDEN: Ragebound（忍者外传：怒之羁绊）,730
274,DARK SOULS™: REMASTERED,730
501,Football Manager 2024,730
682,Killing Floor 3,730
272,DARK SOULS™ III,730
1341,The Last of Us™ Part I,730
1721,仁王２ Complete Edition,730
2726,赛博朋克 2077,730
1321,The First Berserker: Khazan,730
207,Chillquarium,730
1176,Songs of Syx,730
1469,Ved:疗愈所,730
1755,使命召唤®,730
321,Dead Take / 遗映,730
2122,巫师 3：狂猎,730
1300,Terraria,730
2831,雀魂麻将(MahjongSoul),730
1911,命运2,730
1557,Yu-Gi-Oh!  Master Duel,730
1304,The Binding of Isaac: Rebirth,730
2844,霓虹深渊2,730
2098,少女前线,730
1539,Wuthering Waves,730
924,Overcooked! 2,730
2904,黄毛漂流记,730
2420,消逝的光芒2: 重装上阵版,730
1128,Sekiro™: Shadows Die Twice,730
284,DELTARUNE,730
2526,真・三国无双 起源,730
1609,《恶意不息》,730
1600,《命令与征服™：重制版》,730
2442,潜行者2：切尔诺贝利之心,730
2409,浪人崛起,730
718,Left 4 Dead 2,730
1617,《暗黑破坏神® IV》,730
1208,SteamVR,730
1178,Soulworker (灵魂行者),730
826,MotoGP™24,730
2842,霍格沃茨之遗,730
1491,War Thunder,730
844,Mycopunk — 真菌朋克,730
965,Phasmophobia 恐鬼症,730
2376,死神模拟器,730
2139,幸福工厂,730
2194,悠哉钓鱼,730
2708,觅长生,730
2462,灵魂石幸存者,730
701,Kynseed,730
2506,生死狙击2,730
2886,魔法少女的魔女审判,730
2865,饥荒联机版,730
1027,Ready or Not,730
966,Phoenix Wright: Ace Attorney Trilogy,730
2475,爱上火车-Last Run!!-,730
2639,苏丹的游戏,730
2028,女神异闻录３ Reload,730
2562,禁闭求生2 Grounded 2,730
74,Artis Impact 爱氏物语,730
2439,漫威争锋,730
2780,逸剑风云决,730
1604,《地平线 西之绝境™》完整版,730
836,Muse Dash,730
696,KovaaK's,730
2866,饿殍：明末千里行,730
2630,艾尔登法环,730
1655,三角洲行动,730
2494,猫神牧场,730
2147,庄园领主 Manor Lords,730
594,Hearts of Iron IV,730
2027,女神异闻录5皇家版,730
2029,女神异闻录４ 黄金版,730
711,Last Epoch,730
2654,英雄立志传：三国志,730
2304,暗邪西部,730
2849,静默恐惧：老灯塔十五夜,730
2911,黎明杀机,730
1875,双人成行,730
1548,YARISUTEMESUBUTA ~ 一次性交易大师 ~,730
198,Cats Hidden in China,730
1757,侏罗纪世界：进化 2,730
1189,Spacewar,730
2294,星球大战 绝地：幸存者™,730
2389,污痕圣杯：阿瓦隆的陨落,730
271,DARK SOULS™ II: Scholar of the First Sin,730
425,Euro Truck Simulator 2,730
1201,StarRupture Playtest,730
1606,《守望先锋® 2》,730
941,POSTAL 2,730
2638,苍翼：混沌效应,730
14,7 Days to Die,730
482,Fate/hollow ataraxia REMASTERED,730
679,Kenshi,730
2453,灰区战争,730
1915,命运游戏：逆时寻凶,730
1553,YoloMouse,730
2591,线条小狗：动物温泉,730
2611,美女，请别影响我成仙,730
2536,矩阵：零日危机,730
854,NBA 2K25,730
2685,虚拟桌宠模拟器,730
2538,矮人防线,730
1141,Shadowverse: Worlds Beyond,730
1696,九王 9 Kings,730
1685,为了吾王 / For The King,730
1625,《猎人：荒野的召唤™》,730
2495,玉响未来,730
1959,地狱仆从,730
1917,咒语旅团,730
791,Melvor Idle 梅尔沃放置,730
1024,Ravenswatch 鸦卫奇旅,730
972,Plants vs. Zombies: Game of the Year,730
901,ONE PIECE 海贼无双4,730
1845,勇敢的哈克,730
2001,天国：拯救2,730
1659,下一站江湖Ⅱ,730
1610,《战地风云 5》,730
2876,鬼谷八荒,730
546,God of War Ragnarök,730
1495,"Warhammer 40,000: Dawn of War III",730
2378,母娘调教,730
1492,Warframe,730
1034,Resident Evil 0,730
2344,枪途末路,730
2055,完蛋！我被美女包围了！,730
1818,划划划,730
1323,The First Descendant,730
1037,Resident Evil 4,730
2066,审判之逝：湮灭的记忆,730
743,Lords of the Fallen 堕落之主,730
565,Grounded,730
29,AI：梦境档案 涅槃肇始,730
1572,eFootball™,730
276,DATE A LIVE: Rio Reincarnation,730
670,KARDS - 二战卡牌游戏,730
2497,王国保卫战 5：联盟,730
434,F1® 24,730
1643,三国志14,730
1568,[NINJA GAIDEN: Master Collection] NINJA GAIDEN 3: Razor's Edge,730
2403,洛夫克拉夫特行动：堕落玩偶 封闭测试,730
2496,王之凝视 (The King is Watching),730
2641,苏美尔六人组,730
1044,Resident Evil Village,730
1372,The Sims™ 4,730
2928,鼠织小家,730
123,Black Desert,730
1532,World of Tanks,730
1503,Wartales,730
1543,X4: Foundations,730
410,Easy Red 2,730
2366,歧路旅人 II,730
2430,清零计划2：天启派对,730
2031,女神异闻录：夜幕魅影,730
1471,Victoria 3,730
1583,《EA SPORTS FC™ 25》,730
98,Balatro,730
1883,变量2,730
766,MONSTER HUNTER RISE,730
551,Granblue Fantasy Versus: Rising,730
2280,无用之人：登神长阶 demo,730
2195,情感反诈模拟器,730
2017,夺宝奇兵：古老之圈,730
1758,依盖之书,730
1628,《超级忍 反攻的斩击》试玩版,730
953,Path of Exile 2,730
983,Prey,730
2488,猎杀：对决 1896,730
554,Grand Theft Auto IV: The Complete Edition,730
153,Burning Sword Death Sun Demo,730
2299,暗喻幻想：ReFantazio,730
2219,战争交响曲：尼菲林传奇,730
2332,杯杯倒满 Feed The Cups,730
2292,星引擎 Party,730
1465,VTube Studio,730
1179,Soundpad,730
1405,Tiny Tina's Assault on Dragon Keep: A Wonderlands One-shot Adventure,730
313,Dead Frontier 2,730
2065,审判之眼：死神的遗言 Remastered,730
132,Blender,730
69,Ark Nova,730
537,Ghost of Tsushima导演剪辑版,730
1385,The Zachtronics Solitaire Collection,730
39,Action对魔忍,730
450,FINAL FANTASY XVI,730
2511,界外狂潮,730
2161,弈仙牌,730
99,Baldr Sky,730
2272,无主之地3,730
914,Ori and the Blind Forest: Definitive Edition,730
203,Chained Together,730
483,Fate/stay night REMASTERED,730
2081,将军 对决,730
1607,《密教模拟器 (Cultist Simulator)》,730
1906,吾皇万岁 Demo,730
2016,头号追击,730
1227,Stray Souls,730
816,Monster Train 2,730
2550,神力科莎：竞速 Assetto Corsa Competizione,730
1899,同舟共济,730
2707,规则怪谈：盛崖小区,730
1635,七日世界,730
2563,种呱得呱 Demo,730
685,Kingdom Come: Deliverance,730
1781,全面战争：三国,730
525,Gamblers Table Demo,730
140,Blue Archive,730
2607,缺氧,730
881,No Man's Sky 无人深空,730
474,Farm Together,730
2774,逆轉裁判456　王泥喜精選集,730
1913,命运游戏2：百年之约,730
1030,Red Dead Redemption 2,730
1087,SILENT HILL 2,730
1578,tModLoader,730
1638,七龙珠Z 卡卡洛特,730
1514,Whisper Mountain Outbreak Friend's Pass,730
1932,喋血复仇,730
575,HITMAN™,730
1985,大侠立志传：碧血丹心,730
2116,工人与资源：苏维埃共和国 Workers & Resources: Soviet Republic,730
868,NUKITASHI 2,730
1833,力力普的工坊,730
2810,银盘滑冰场物语 (Skating Rink Story),730
387,Dune: Awakening 沙丘：觉醒,730
2760,过山车之星,730
1466,Valheim: 英灵神殿,730
1827,刺客信条：影,730
1400,Time Clickers,730
2835,雪凤山 Secret Opera,730
1271,THE KING OF FIGHTERS '98 ULTIMATE MATCH FINAL EDITION,730
296,DSX,730
440,FINAL FANTASY IV: THE AFTER YEARS,730
2386,江城大赢家,730
1029,Red Dead Redemption,730
2585,纪元1800,730
1867,卡牌生存：热带岛屿,730
1349,The Long Dark,730
1156,Sifu,730
1119,Sea of Thieves,730
2400,波斯王子：失落的王冠,730
2282,无限暖暖,730
580,Hades II,730
2225,战盟桌面精灵,730
823,Mortal Kombat 11,730
1035,Resident Evil 2,730
915,Ori and the Will of the Wisps,730
2765,迷你舒适房间：Lo-Fi,730
255,Crusader Kings III,730
1468,Vampire Survivors - 吸血鬼幸存者,730
2871,骰子浪游者,730
1601,《命令与征服：红色警戒 2 及尤里的复仇》,730
288,DJMAX RESPECT V,730
1054,Rise of the Tomb Raider,730
1593,《使命召唤®：现代战争® II 2022》,730
1968,城镇叠叠乐,730
2142,幻想生活ｉ 转圈圈的龙和偷取时间的少女,730
1802,冰汽时代,730
2659,荒原疗者 (Wildmender),730
1281,Tabletop Simulator,730
1360,The RPG,730
2613,翼星求生 ICARUS,730
2383,永恒轮回,730
982,Powernode,730
2498,王国：两位君主,730
1496,"Warhammer 40,000: Gladius - Relics of War",730
2004,天穗之咲稻姬,730
2229,戴森球计划,730
113,Battlefield™ 1,730
1404,Tiny Glade,730
2612,美女，请别影响我成仙 Demo,730
1154,Sid Meier's Civilization V,730
2251,提西探险社：春日女王,730
843,MyDockFinder,730
913,Ori and the Blind Forest,730
2365,歧路旅人,730
1940,四海兄弟：故乡,730
2489,猛兽派对,730
1983,夜族崛起,730
2007,太太！我喜欢你！,730
1720,仁王 Complete Edition,730
2243,挂机手游模拟器,730
1500,Warhammer: Vermintide 2,730
1299,TerraScape,730
2856,风暴之城 Against the Storm,730
1525,Wo Long: Fallen Dynasty （卧龙：苍天陨落）,730
786,Maze Mice,730
2710,解限机,730
1053,Rise of Eros,730
2451,灭火先锋 / Embr,730
2298,暖雪 Warm Snow,730
1544,XCOM 2,730
2522,监寓,730
1603,《四海兄弟: 最终版》​,730
2043,妹相随～黑白世界的缤纷冒险～,730
251,Crosshair X,730
2578,米姆米姆哈,730
1533,World of Warships,730
2719,诸天刷宝录,730
862,NINJA GAIDEN 2 Black,730
293,DOOM: The Dark Ages,730
2354,梦灯花,730
2271,旅者之憩 Travellers Rest,730
2223,战意,730
1090,SNOWBREAK,730
695,Knights College -骑士学院-,730
1837,动物栏：桌面牧场,730
644,Infinitode 2,730
400,EA SPORTS FC™ 24,730
848,NBA 2K19,730
829,Mount & Blade: Warband,730
564,Grim Dawn,730
2433,湖畔酒馆,730
555,Grand Theft Auto V 传承版,730
1912,命运扳机Playtest,730
443,FINAL FANTASY VII EVER CRISIS,730
2884,魔法使之夜,730
2448,火炬之光：无限,730
1215,Stellaris,730
159,CATO 黄油猫,730
1279,TTV2,730
803,Mindustry,730
606,Hi-Fi RUSH,730
1080,SAO Utils: Beta,730
2091,小眷灵 (Tinykin),730
1427,Treasure of Nadia,730
2441,潜水员戴夫 DAVE THE DIVER,730
1388,There Is No Game: Wrong Dimension,730
1707,人中之龙7　光与暗的去向　国际版,730
522,GUILTY GEAR Xrd REV 2,730
205,Children of Morta,730
401,EA SPORTS™ WRC,730
1679,中国式家长,730
524,GWENT: Rogue Mage (Single-Player Expansion),730
804,Mirror,730
2336,极品采花郎,730
1183,Source SDK Base 2007,730
229,Cookie Clicker,730
2422,深埋之星,730
1056,Road Redemption,730
1414,Tomb Raider,730
1852,勇闯死人谷：暗黑之日,730
1788,兽人必须死! 死亡陷阱,730
1144,ShareX,730
831,Movavi Video Suite 17,730
514,GIRLS' FRONTLINE 2: EXILIUM,730
2424,深岩银河：幸存者,730
2427,深渊绝赌：千王处刑,730
2875,鬼灭之刃 火之神血风谭2,730
1067,Rune Factory 4 Special,730
115,Bayonetta,730
444,FINAL FANTASY VII REBIRTH,730
224,Company of Heroes 3,730
2679,蒼色之光與魔劍鍛造師 體驗版,730
65,Ampersat,730
94,Backroom Company,730
217,Clicker Heroes 2,730
1277,TOGETHER BnB,730
1032,Republic of Jungle,730
1418,Total War: ATTILA,730
1579,МЕМОЛОГИЯ: ИТАЛЬЯНСКИЕ ЖИВОТНЫЕ Demo,730
9,3DMark,730
1497,"Warhammer 40,000: Rogue Trader",730
1725,仙剑奇侠传七,730
2320,服侍人偶的日常,730
277,DCS World Steam Edition,730
2076,对魔忍Collection：决战竞技场,730
2303,暗影火炬城,730
1556,Ys VIII: Lacrimosa of Dana,730
1070,Russian Fishing 4,730
992,Project Zomboid,730
2319,月球骗子,730
265,Cuphead,730
1627,《质量效应》传奇版,730
201,Celestial Empire Playtest,730
2415,海狸浮生记 Timberborn,730
614,Hollow Knight,730
1460,UsbEAm Hosts Editor,730
1278,TRIANGLE STRATEGY,730
2343,枪火重生,730
2087,小小梦魇2,730
828,Mount & Blade II: Bannerlord,730
1464,VRChat,730
2418,海龟蘑菇汤,730
2921,黑相集：灰冥界,730
2015,失落迷城：群星的诅咒,730
1051,Riddle Joker,730
521,GUILTY GEAR -STRIVE-,730
471,Far Cry Primal,730
185,Capcom Arcade Stadium,730
2861,食神的卡组,730
76,Aseprite,730
1730,仙剑奇侠传六,730
1693,九十六号公路,730
1605,《地平线 零之曙光™》重制版,730
1584,《Need for Speed™ Heat,730
1614,《新生也疯狂》第1季,730
1626,《荣耀战魂》,730
78,Assassin's Creed Rogue,730
2327,机战佣兵™VI 境界天火™,730
2857,风暴之门 Stormgate,730
2281,无罪之庭,730
461,Fallout 4,730
2502,甜蜜夏日 ~Perfect Edition~,730
2060,宗门志,730
806,Mistress Marigold's Home Improvement,730
311,Days Gone,730
2013,失落城堡2,730
2504,生化奇兵2 重制版,730
798,Metro: Last Light Redux,730
2267,断箭,730
1739,传奇商店,730
515,GODBREAKERS Demo,730
2718,请成为最能干的VTuber吧！,730
1104,SVFI,730
122,BioShock,730
936,PICO PARK 2,730
2211,我的同事不对劲,730
1660,不/存在的你，和我,730
2650,英雄传说 黎之轨迹,730
2559,神罪降临 Uberich: Advent Sinners,730
1850,勇者的残局：自走棋,730
1931,哲学梗模拟器,730
1999,天命奇御二,730
2736,超级机器人大战30,730
2686,虫虫生态箱,730
549,Goose Goose Duck,730
2295,星界战士,730
1295,Temtem / 腾兽,730
2163,归家异途2,730
552,Granblue Fantasy: Relink,730
955,Pathfinder: Wrath of the Righteous - Enhanced Edition,730
616,Homeworld Remastered Collection,730
109,Batman™: Arkham Knight,730
2279,无法成眠的伊达键 - From AI：梦境档案,730
2600,绝色禁区,730
975,"Poker Master - 德州扑克,轮盘,21点,百家乐,奥马哈,老虎机,提恩帕蒂",730
499,Football Manager 2021,730
2119,巨击大乱斗,730
790,Meltys Quest,730
1347,The Legend of Heroes: Trails of Cold Steel III,730
1576,inZOI,730
1182,Source SDK,730
1292,Team Fortress 2,730
2083,小兵大战 - Warpips,730
547,Godot Engine,730
1713,人中之龙８,730
1872,原子之心,730
1565,Zuma Deluxe,730
2025,女冒险者聚集的情色旅馆,730
2812,镇邪 Zhenxie,730
2530,真・三国无双８,730
1423,Tower Accelerator,730
2202,我们的冒险者公会,730
2807,铁拳8,730
912,Orcs Must Die! 3,730
527,Game of Thrones Winter is Coming,730
1645,三国志：建安外史,730
1585,《STAR WARS™ 前线™ II,730
1406,Titan Quest Anniversary Edition,730
2854,风中行者,730
1316,The Elder Scrolls IV: Oblivion Remastered,730
2129,巴尔的遗产,730
1420,Total War: ROME II - Emperor Edition,730
2068,寂静之歌,730
1957,地狱丧钟 Hell Clock,730
1731,仙剑奇侠传四,730
758,MARVEL SNAP,730
2800,钢铁巨像 机甲觉醒,730
2107,山海旅人,730
206,Chill Pulse 心流小筑,730
530,Gatekeeper,730
1494,"Warhammer 40,000: Dawn of War - Soulstorm",730
1909,命令与征服3: 凯恩之怒,730
1552,Yet Another Zombie Survivors - 又一个僵尸幸存者,730
478,Farthest Frontier,730
419,Eriksholm: The Stolen Dream Demo,730
2405,活侠传,730
364,Dolls Nest,730
1284,Tails of Iron,730
1091,SOKOBOT,730
2249,控制 - 终极合辑 / Control Ultimate Edition,730
50,Ai Vpet / 守护与智友,730
2868,马桶英雄 Playtest,730
2914,黑暗世界：因与果,730
2647,英雄传说 界之轨迹 -告别塞姆利亚-,730
1339,The Last Hero of Nostalgaia,730
2234,护核纪元,730
1424,Tower Dominion,730
1235,Stronghold Crusader: Definitive Edition 要塞十字军东征：决定版,730
800,Middle-earth™: Shadow of War™,730
942,PRO EVOLUTION SOCCER 2019,730
909,Operation Tango,730
770,Mad Max,730
1765,信長之野望･新生,730
1269,THE FINALS,730
303,Darkest Dungeon® II,730
371,Dragon's Dogma 2,730
43,Age of Empires III: Definitive Edition,730
2847,露玛岛,730
2782,遗忘週一咖啡馆,730
2345,架空地图模拟器,730
1587,《TOPSPIN 2K25》,730
1708,人中之龙7外传 无名之龙,730
1921,咖啡星矿工 Astro Prospector,730
1342,The Last of Us™ Part II Remastered,730
2738,超级机器人大战Ｘ,730
445,FINAL FANTASY VII REMAKE INTERGRADE,730
581,Half Sword Demo,730
723,Liar's Bar,730
214,Cities: Skylines II,730
2123,巫师之昆特牌,730
1878,双点博物馆,730
1647,三国杀,730
108,Batman: Arkham City GOTY,730
10,3DMark Demo,730
1192,Spirit City: Lofi Sessions,730
2136,席德·梅尔的文明VII,730
2073,寓言之地 (Fabledom),730
765,MONMUSU,730
1450,UnderMine 2,730
2888,魔法工艺 Magicraft,730
2050,学生时代,730
1071,Rust,730
545,God of War,730
30,ANIMAL WELL,730
2785,那个夏天的小岛,730
1570,[NINJA GAIDEN: Master Collection] NINJA GAIDEN Σ2,730
2269,新枪弹辩驳V3 大家自相残杀的新学期,730
2431,港诡实录,730
541,Gloomhaven,730
2152,开球! REMATCH,730
49,Age of Wonders 4,730
1793,再见断刀,730
643,Infection Free Zone (无感染区),730
1520,Witchfire,730
2178,怒之铁拳4,730
2359,横戈,730
38,Action! - Gameplay Recording and Streaming,730
2250,推币勇者,730
2512,疑案追声,730
919,Outer Wilds,730
2742,超级键盘侠,730
1715,人格解体,730
77,Assassin's Creed Odyssey,730
166,CODE VEIN,730
1301,Tetris® Effect: Connected,730
1288,Tales of Vesperia: Definitive Edition,730
1412,Tom Clancy's Ghost Recon® Wildlands,730
2048,孤羊战纪,730
1674,东方：平野孤鸿,730
1389,They Are Billions,730
2714,记忆边境,730
833,Movavi Video Suite 2024 Steam Edition,730
42,Age of Empires II: Definitive Edition,730
1586,《Spiritfarer®》Farewell版,730
1641,万象群侠传,730
312,Dead Cells,730
281,DEATH STRANDING,730
2176,忘却前夜,730
1976,壶中日月,730
681,Killing Floor 2,730
1779,全民街篮,730
302,Darkest Dungeon®,730
234,Cornerpond,730
110,Batman™: Arkham Origins,730
498,Football Manager 2020,730
2490,猛将三国,730
579,Hades,730
1782,全面战争：幕府将军2,730
1805,冲就完事模拟器,730
2930,龙崖,730
980,Portal 2,730
2371,死亡空间,730
1701,了不起的修仙模拟器,730
2270,方舟: 生存飞升,730
607,Hidden Through Time 2: Myths & Magic,730
464,Fallout: New Vegas,730
1142,Shape of Dreams Demo,730
2715,诅咒2,730
340,Desperados III,730
509,Foundation,730
2864,饥荒,730
2452,灭绝之日,730
2182,怪物对决自走棋,730
2828,隔壁的美艳人妻,730
850,NBA 2K21,730
1652,三國志11 with 威力加強版,730
323,Deadlock,730
2463,灵魂面甲(Soulmask),730
1103,SUPERHOT: MIND CONTROL DELETE,730
2133,帝国幻想乡~TOHOTOPIA Demo,730
2169,循环勇士,730
586,Halo: The Master Chief Collection,730
1648,三国群英传2,730
351,Dinkum(金垦小镇),730
1829,刺客信条：英灵殿,730
1800,冬日狂想曲,730
1140,Shadowverse,730
2148,底特律：化身为人,730
412,Elin,730
997,Pummel Party,730
1020,Ratatan Demo,730
236,Counter-Strike,730
1363,The Riftbreaker: Multiplayer Playtest,730
1890,另一个肉鸽农场,730
104,Barotrauma 潜渊症,730
1257,Supermarket Simulator,730
2519,百日战纪 -最终防卫学园-,730
2827,隐形守护者 The Invisible Guardian,730
2815,长夜之后 Demo,730
2469,烟火,730
1480,WHITE ALBUM,730
943,PROTOTYPE 2,730
1226,Stray Blade - 迷失之刃,730
1632,ヘブンバーンズレッド,730
2546,神之亵渎2,730
385,Drova - Forsaken Kin,730
404,ENDER LILIES: Quietus of the Knights,730
2769,迷雾侦探,730
2363,武士 零,730
779,Marvel's Spider-Man: Miles Morales,730
1907,告别回忆2nd,730
2564,秘影曼德拉,730
376,Draw & Guess - 你画我猜,730
570,HD Poker,730
532,Geometry Dash,730
1470,Venus Vacation PRISM - DEAD OR ALIVE Xtreme -,730
2245,挖油吧！爸爸,730
1517,Wild West Supermarket Simulator Demo,730
1916,咒印链接 Playtest,730
2717,请不要欺负我，大小姐们！,730
1233,Stronghold Crusader 2,730
1975,壳之少女,730
601,Hero Emblems II,730
1089,SKYHILL,730
1193,Spirit Island,730
2705,西行乱斗,730
2484,狙击精英5,730
1445,Ultimate Admiral: Dreadnoughts,730
2203,我即军团：替身幸存者,730
1096,STEINS;GATE,730
573,HENPRI,730
139,Bloons TD 6,730
2777,通神榜,730
212,Circle Empires,730
802,Milky Way Idle - 银河奶牛放置,730
2786,邪恶冥刻,730
35,Abyssus Demo,730
1559,ZERO Sievert,730
452,FPS Monitor,730
1860,午夜漫步,730
2317,月圆之夜,730
2402,洛夫克拉夫特行动：堕落玩偶 Demo,730
2833,雨中冒险 2,730
781,Marvel’s Spider-Man Remastered,730
2533,真探,730
2541,破晓传奇,730
2593,终极钓鱼模拟器2,730
70,Armello,730
1062,Rocksmith® 2014 Edition - Remastered,730
200,Celeste,730
1815,刀剑神域 彼岸游境,730
2596,绝世好武功,730
839,Muv-Luv,730
490,Fields of Mistria,730
1282,Tactics Ogre: Reborn,730
1075,S4U: 都市朋克2011与爱的重拳,730
508,Forza Motorsport 极限竞速,730
1956,地心归途,730
1973,墨境,730
2432,游戏开发物语 (Game Dev Story),730
1357,The Pegasus Expedition,730
1049,Revolution Idle,730
223,Company of Heroes 2,730
213,Cities: Skylines,730
1764,信使,730
2528,真・三国无双７ Empires,730
2425,深海迷航,730
1884,叛逆神魂 GODSOUL🔥,730
1594,《使命召唤®：现代战争® III 2023》,730
1409,Titanfall® 2,730
2392,沉没意志,730
1170,Sniper Elite 4,730
1690,乌合之众 Demo,730
1714,人中之龙８外传 Pirates in Hawaii,730
557,Grand Theft Auto: San Andreas - The Definitive Edition,730
1057,RoadCraft,730
2576,米塔 MiSide,730
1362,The Riftbreaker 银河破裂者,730
1098,STEINS;GATE ELITE,730
1267,TEKKEN 7,730
437,FALLSTRUKTUR,730
1048,Reverse: 1999,730
1624,《潜行者：晴空》增强版,730
2349,桌面副本物语：放置好时光 测试版,730
347,DiRT Rally 2.0,730
6,14种扫雷变体,730
2456,灵兽江湖,730
1555,Your Only Move Is HUSTLE,730
2274,无双大蛇２ 终极版,730
1041,Resident Evil 7 Biohazard,730
1877,双点医院,730
1596,《剑星》体验版,730
1644,三国志8  REMAKE,730
2764,远光84,730
2509,电工模拟器,730
2549,神力科莎 Assetto Corsa,730
1550,"Yes, Your Grace",730
1722,今古群侠传 PlayTest,730
698,Krita,730
2527,真・三国无双 起源 体验版,730
722,Lethal Company,730
309,Dawnsbury Days,730
2106,山河旅探 - Murders on the Yangtze River,730
2539,矮人防线 试玩版,730
1778,光明记忆：无限,730
449,FINAL FANTASY XV WINDOWS EDITION,730
2548,神佑释放,730
762,METAL GEAR SOLID V: THE PHANTOM PAIN,730
752,Lunar Eclipse,730
218,Clone Drone in the Danger Zone,730
2024,奥特罗斯 Ultros,730
294,DRAGON BALL FighterZ,730
361,DmC Devil May Cry,730
1582,《Battlefield™ Hardline》终极版,730
2101,少女＊领域,730
2093,小花园,730
1449,UnderMine,730
1058,RoboCop: Rogue City - Unfinished Business,730
1671,东方夜雀食堂 - Touhou Mystia's Izakaya,730
1358,The Powder Toy,730
1642,三伏,730
2692,蟹蟹寻宝奇遇,730
2138,幸福岛幻想,730
2166,影子诡局：被诅咒的海盗 Shadow Gambit: The Cursed Crew,730
2688,蜀末：血月三国,730
1825,刺客信条：大革命,730
1863,卡库远古封印,730
204,Chef Life: A Restaurant Simulator,730
399,Dying Light,730
18,A Plague Tale: Innocence,730
1515,Whispers from the Star Demo,730
867,NUKITASHI,730
1830,刺客信条：起源,730
1312,The Crew Motorfest - Demo,730
128,Blasphemous,730
2480,牧场物语 橄榄镇与希望的大地,730
1011,RPG Maker VX Ace,730
669,KARAKARA,730
2821,"阿西, 美女室友竟然...？",730
2553,神奇动物养殖中心：放置好时光 Demo,730
2795,重装前哨,730
675,Kanon,730
328,DeathComing,730
1803,冰汽时代2,730
2085,小小侠客模拟器,730
677,Ken Follett's The Pillars of the Earth,730
1432,Trine 4: The Nightmare Prince,730
795,Metro 2033 Redux,730
1967,埃里克斯霍姆：被偷走的梦,730
141,Bodycam,730
2492,猫咪斗恶龙3 Cat Quest III,730
1726,仙剑奇侠传三,730
182,Call of Juarez Gunslinger,730
2051,学生时代：序章,730
818,Monument Valley,730
1219,Still Wakes the Deep,730
183,Call to Arms - Gates of Hell: Ostfront,730
1253,Super Bunny Man,730
2168,征服之歌,730
292,DOOM Eternal,730
2289,星之翼（Starward）,730
2894,鸡械绿洲,730
2331,村与地下城,730
535,Ghost Recon Breakpoint,730
2923,黑神话：悟空 性能测试工具,730
2210,我的动物公司,730
510,Fox Hime Zero,730
1324,The Forest,730
2622,胡闹厨房 全都好吃,730
1167,Sleeping Dogs: Definitive Edition,730
2919,黑暗逃生,730
1296,Tenta Shooter,730
332,Degrees of Separation,730
2651,英雄传说：闪之轨迹III,730
2869,驱灵者：新伊甸的幽灵,730
2523,真·女神转生Ⅴ Vengeance,730
2771,送小羊回家,730
832,Movavi Video Suite 2020 Steam Edition,730
741,Look Outside,730
2226,战锤 — 霍拉斯叛乱：军团,730
2286,星之侵略者,730
760,METAL GEAR RISING: REVENGEANCE,730
2126,巴别塔 ：混乱的幸存者,730
1633,一起五子棋,730
1919,咔砰！玩具乱斗屋 Demo,730
57,Alone in the Dark,730
533,Get To Work,730
2095,小骨：英雄杀手(Skul: The Hero Slayer),730
2649,英雄传说 闪之轨迹IV -THE END OF SAGA-,730
1680,中国式相亲,730
2357,棋弈无限：围棋,730
1376,The Surge,730
1293,Teamfight Manager,730
749,Lots of Cats on an Adventure,730
1239,Substance 3D Painter 2025,730
1622,《渔帆暗涌》,730
1319,The Evil Within,730
2783,遗迹2,730
1698,乡村狂想曲,730
520,GTFO,730
560,Green Hell,730
2666,莱恩岛生存指南,730
1681,中国式网游,730
852,NBA 2K23,730
280,DEAD OR ALIVE Xtreme Venus Vacation [JP],730
283,DEATHLOOP,730
964,Pharaoh Rebirth+,730
1814,刀剑江湖路,730
916,Our Adventurer Guild Demo,730
370,Downfall - A Slay the Spire Fan Expansion,730
1997,天使军团-LSP放置RPG,730
354,Disco Elysium,730
993,Prominence Poker,730
1903,吹弹！丰盈！波涛汹涌 超情色APP学院,730
119,Beyond Citadel,730
2455,灰烬之国 Cinderia Demo,730
362,Do Not Feed the Monkeys,730
734,Little Nightmares,730
776,MapleStory,730
898,OBS Studio Beta,730
1798,冥狱战术 (Hadean Tactics),730
164,CLANNAD,730
83,Aurelia,730
2531,真人快打 1,730
2890,魔灵召唤: 天空之役,730
588,Handyman Fantasy 水电工幻想,730
609,Higurashi When They Cry Hou - Ch.3 Tatarigoroshi,730
1325,The Front 前线,730
1196,Squad,730
2874,鬼灭之刃 火之神血风谭,730
2338,极限国度,730
571,HELLDIVERS™,730
1699,买个可乐饼吧！ - Buy a Croquette!,730
2242,挂姬恶魔/IdleDevils,730
2394,沙威玛传奇 - Shawarma Legend,730
820,Monument Valley 3,730
611,Hira Hira Hihiru,730
468,Far Cry 5,730
2339,极限竞速：地平线 4,730
2347,桃色武林,730
962,Persona 5 Strikers,730
1995,大航海时代：起源,730
1382,The Walking Dead: The Telltale Definitive Series,730
1686,为了吾王II / For The King II,730
1093,SONG OF HORROR,730
1039,Resident Evil 5,730
46,Age of History 3,730
2668,莱莎的炼金工房２ ～失落传说与秘密妖精～,730
1168,Slime Rancher,730
2870,骰子模拟器,730
797,Metro Exodus Enhanced Edition,730
388,Dune: Imperium,730
2192,恶魔轮盘,730
24,ACE COMBAT™7: SKIES UNKNOWN,730
1043,Resident Evil Revelations 2,730
435,F1® 25,730
582,Half-Life 2,730
1158,Sins of a Solar Empire II,730
2635,苍之彼方的四重奏,730
680,Kerbal Space Program,730
2074,寢取人妻不伦播种,730
847,NARUTO: Ultimate Ninja STORM,730
2108,山门与幻境,730
1710,人中之龙０　誓约的场所,730
2102,尸姬之梦 Demo,730
27,AI: The Somnium Files,730
2352,梦幻引擎：游牧城市,730
1270,THE KING OF FIGHTERS '97 GLOBAL MATCH,730
2767,迷离诡夜 blurred weird night,730
1206,State of Decay 2,730
1333,The Isle,730
1951,圣骑士莉雅丝,730
1977,夏日狂想曲：乡间的难忘回忆,730
2111,崛起力量: 添命人,730
1797,军团战棋 Legion War,730
2660,荒野枪巫,730
304,Darksiders Genesis,730
1769,偶像大师 STARLIT SEASON,730
1260,Suzerain,730
2672,萌怪合唱团,730
116,Beasts of Bermuda,730
2667,莱莎的炼金工房 ～常暗女王与秘密藏身处～,730
1361,The RPG Demo,730
905,OVR Advanced Settings,730
2900,麻雀一番街,730
1858,千恋＊万花,730
1801,冰与火之舞 A Dance of Fire and Ice,730
1902,吸血鬼大厦,730
1888,古剑奇谭二(GuJian2),730
307,Darksiders Warmastered Edition,730
793,Metal Hunter Demo,730
7,14种扫雷变体2,730
1864,卡牌店模拟器 多人联机版,730
2602,绯红结系,730
1326,The Great Ace Attorney Chronicles,730
1016,Raft,730
2644,英勇之地,730
755,Lust Goddess,730
879,Night is Coming,730
2787,部落与弯刀,730
1064,Rogue Legacy 2,730
1036,Resident Evil 3,730
1173,Soda Dungeon,730
2837,零 ～月蚀的假面～,730
2830,雀姬,730
2485,独眼利霍,730
1004,R.E.P.O.,730
2935,👑选王之剑：零👑,730
2039,妖之乡,730
860,NGU IDLE,730
227,Contra Anniversary Collection,730
270,DARK SOULS™ II,730
576,HITMAN™ 2,730
778,Marvel's Spider-Man 2,730
1895,合成大猫咪,730
1989,大恶人千金 枭雌百合战记,730
1458,Unturned,730
2239,拳击俱乐部2：快进未来,730
2499,王牌与冒险,730
2897,麦穗镇物语：放置好时光,730
186,Car Mechanic Simulator 2021,730
1332,The Invisible Hand,730
2568,符文工房 龙之天地,730
2018,奇唤士,730
1618,《木卫四协议》,730
1162,Skull Horde Demo,730
1106,Saloon Simulator,730
899,ONE PIECE PIRATE WARRIORS 3,730
538,Ghostrunner - 幽灵行者,730
13,60 Seconds! Reatomized,730
1704,亚丽亚的倒影 Demo,730
998,Pâquerette Down the Bunburrows,730
2362,欺诈之地,730
2395,沙石镇时光,730
1150,Sherlock Holmes: Crimes and Punishments,730
1355,The Outlast Trials,730
2761,过山车之星2,730
2322,朝露：境界旅程 Demo,730
2446,火柴人征战异世界：开局只有一把刀,730
2648,英雄传说 碧之轨迹：改,730
228,Coodesker,730
1009,RPG Maker MV,730
1939,四海兄弟II 最终版,730
1443,UNCHARTED™: 盗贼传奇合辑,730
2933,龟男复仇记：以牙还牙，三倍奉还,730
1616,《星球大战 绝地：陨落的武士团™》,730
2170,德州扑克 - Pokerist,730
1421,Totally Accurate Battle Simulator,730
366,Dome Keeper 穹顶守护者,730
1218,Sticker Craft,730
2616,聖女艾露娜與墮淫之書〜爆乳修女的色情使命〜 Demo,730
1320,The Evil Within 2,730
1275,THRONE AND LIBERTY,730
2580,糖豆人,730
2932,龙腾世纪™: 影障守护者,730
1662,不思议迷宫,730
137,Bloodstained: Ritual of the Night,730
1650,三国群英传7,730
2191,恶魔牌 Demo,730
11,428 Shibuya Scramble,730
1831,前方高能,730
587,Hand of Fate 2,730
1174,Solasta: Crown of the Magister,730
617,Horizon Zero Dawn™ Complete Edition,730
1807,凌辱地牢的幸存者,730
2572,简易指针制作器,730
1234,Stronghold Crusader HD,730
1112,Scene Investigators,730
1146,Sheepherds! Playtest,730
31,ARK: Survival Evolved,730
957,Patrick's Parabox,730
2521,盐面团,730
873,Neon Village Demo,730
1212,SteamWorld Heist II,730
2398,泡姆泡姆,730
244,Crash Drive 3,730
1784,全面战争：战锤2,730
2171,心渊梦境,730
1821,刺客信条3：高清重制版,730
176,Call of Duty: Infinite Warfare,730
1732,仙肴圣餐,730
2762,近月少女的礼仪,730
1203,Starfield,730
1799,冥界契约,730
2592,终极钓鱼模拟器,730
694,Knightly Passions,730
1000,Quarantine Zone: The Last Check Demo,730
2447,火湖,730
355,Disfigure,730
2137,常轨脱离Creative,730
2706,要战便战,730
724,Library Of Ruina,730
1602,《命令与征服：红色警戒 3》起义,730
2515,痴情哥哥与病弱妹妹的乡间生活,730
1265,TCG Card Shop Simulator,730
1381,The Treasures of Montezuma 5,730
2925,黑色童话：梦境幸存者,730
2346,柯尔特峡谷,730
2157,异形工厂2,730
1099,STEINS;GATE: Linear Bounded Phenogram,730
925,PAC-MAN MUSEUM+,730
2632,芙哇芙哇女仆咖啡厅,730
1901,后宫！牧场生活,730
2011,失业了，我获得了亿万游戏财产！,730
1711,人中之龙５　实现梦想者,730
733,Little Busters! English Edition,730
208,Chivalry 2,730
969,Pixel Gun 3D: PC Edition,730
2879,魅魔咖啡厅,730
314,Dead Island 2,730
2241,拼贴冒险传 / Patch Quest,730
252,Crow Country,730
2556,神树残响,730
431,Expeditions: Rome,730
179,Call of Duty®: Black Ops Cold War,730
2643,苦痛之环 Ring of Pain,730
1395,This War of Mine,730
2617,育种村,730
2843,霓虹深渊,730
630,IF蜘蛛纸牌,730
424,Escape the Backrooms,730
306,Darksiders III,730
2196,惩戒魅魔,730
1479,WARRIORS OROCHI 4 / 無雙OROCHI 蛇魔３,730
1191,SpellForce 3: Versus Edition,730
429,Everlasting Summer,730
878,NieR:Automata™,730
491,Filament,730
1760,侠客风云传(Tale of Wuxia),730
2397,河洛群侠传 (Ho Tu Lo Shu ： The Books of Dragon),730
777,Marvel's Guardians of the Galaxy,730
2525,真‧三國無雙６ with 猛將傳 DX,730
1554,Your Chronicle,730
1205,Starship Troopers: Terran Command,730
151,Broforce,730
1236,Stronghold: Definitive Edition 要塞：决定版,730
2881,魔女的夜宴,730
1677,中世纪王朝,730
684,King Exit,730
2867,首都高赛车,730
336,DeoVR Video Player,730
22,A Way Out,730
505,Forager,730
174,Call of Duty: Advanced Warfare,730
2337,极简塔防,730
1273,THE KING OF FIGHTERS XIV STEAM EDITION,730
1245,Sudoku Universe,730
730,Life is Strange™,730
569,"Guns, Gore and Cannoli 2",730
1108,Salt and Sanctuary,730
407,EVERSPACE™,730
1908,呓语小镇 Demo,730
1700,乱欲牢城~监狱都市的花之少女~,730
2026,女王游戏,730
845,NARAKA: BLADEPOINT - Test Server,730
2822,降妖散记,730
2722,谁在门外?,730
48,Age of Mythology: Retold,730
1397,Thronefall,730
2275,无双深渊,730
157,CANINE,730
2775,逆转检察官1&2 御剑精选集,730
2910,黎明前20分钟,730
1534,WorldBox - God Simulator,730
1703,二战前线合集,730
558,Grand Theft Auto: Vice City - The Definitive Edition,730
2752,轩辕剑柒,730
1232,Strinova,730
2290,星光咖啡馆与死神之蝶,730
691,Kingdoms of Amalur: Re-Reckoning,730
2341,林中小女巫,730
687,Kingdom Rush,730
819,Monument Valley 2,730
2695,血之诗：月之蚀,730
809,Monster Hunter Stories,730
1336,The Last Campfire,730
324,Dear My Friend Demo,730
488,Ficket,730
1848,勇者斗恶龙III HD-2D Remake,730
2693,蠕行的恐惧：克苏鲁选集,730
1330,The House of Da Vinci,730
518,GRIS,730
1936,嗑药做爱！地雷酱 ～一边追星一边援交做爱！嗑药嗑高飘飘然～,730
2805,铁匠铺传奇,730
994,Prophecy of the Shadow,730
126,Blade of God X,730
1734,以闪亮之名,730
1214,Steelrising 钢之崛起,730
408,Earn to Die 2,730
402,EA SPORTS™《FIFA 23》,730
1518,Wires And Whiskers,730
2197,惯性漂移,730
1318,The Escapists 2,730
1820,刺客信条2,730
442,FINAL FANTASY VII,730
2751,轩辕剑叁外传 天之痕,730
1811,凶寓,730
2276,无名者：屠龙,730
1507,Watch_Dogs 2,730
2262,整蛊白云,730
1629,《镜之边缘：Catalyst》,730
2567,童话塔防2,730
2542,破门而入：行动小队,730
2117,巧克甜恋,730
660,JOJO的奇妙冒险 群星之战 重制版,730
566,Guardians of Victoria,730
1978,夏末盛开的花,730
759,MELTY BLOOD Actress Again Current Code,730
225,Conan Exiles,730
2913,黑兽‧改,730
1084,SCP秘密实验室 / SCP: Secret Laboratory,730
481,Fate/Samurai Remnant,730
1331,The Inner World: The Last Wind Monk,730
717,Left 4 Dead,730
1399,Thunder Tier One,730
161,CHAOS;CHILD,730
2104,尼夫海姆的猎人：阿瑟尔的烙印,730
761,METAL GEAR SOLID V: GROUND ZEROES,730
2763,近月少女的礼仪2,730
709,Labyrinth of Refrain: Coven of Dusk,730
940,PNGTuber Plus,730
774,Maneater,730
2470,烟火 Demo,730
1294,Teardown,730
2748,车祸模拟器 - BeamNG.drive,730
2444,火山的女儿,730
939,PIONER Playtest,730
1879,双点校园,730
150,Bridge Constructor Portal,730
667,Just Shapes & Beats,730
2259,数字领主,730
1695,九日,730
706,LOCKDOWN Protocol,730
350,Digimon Story Cyber Sleuth: Complete Edition,730
1943,因果动物园,730
562,"Gremlins, Inc.",730
457,Fairy Biography2：Confidante,730
1649,三国群英传3,730
931,PAYDAY3 (收获日3),730
2114,川建国同志想连任,730
2410,浪漫沙加2 七英雄的复仇,730
1887,古剑奇谭三(Gujian3),730
299,Danganronpa: Trigger Happy Havoc,730
889,Noita,730
536,Ghost Trick: Phantom Detective,730
1510,We Were Here Together,730
738,Live2DViewerEX,730
1889,古龙风云录,730
2155,异化之恶〇Abnormal Treatment,730
2701,被傻小子绿了,730
2072,富甲天下4,730
1307,The Coffin of Andy and Leyley,730
1657,上学威龙,730
133,Blightstone Demo,730
1472,Viewfinder,730
2364,武装突袭3,730
427,Everafter Falls,730
640,Inari,730
739,Lobotomy Corporation,730
1651,三国群英传8,730
1747,你好！我们还有场恋爱没谈,730
690,Kingdom Rush Vengeance,730
2574,箭箭剑,730
317,Dead Rising,730
2314,最后的防线,730
2573,管理员的窥视,730
1849,勇者斗恶龙XI S 寻觅逝去的时光 - Definitive Edition,730
1125,Seed of the Dead: Sweet Home,730
1130,Sephiria Demo,730
1923,咩咩启示录,730
1440,UBERMOSH Vol.5,730
2246,挺进地牢,730
744,Lorelai,730
290,DOOM,730
1198,Stacklands,730
1905,吾今有世家,730
199,Catwifhat,730
1955,地下蚁国 Empires of the Undergrowth,730
1706,人中之龙 维新！极,730
2140,幸运房东,730
353,Dino Path Trail,730
1636,七龙珠 电光炸裂！ZERO,730
2478,牌兵布阵 (Commander Quest),730
209,Christmas Tina -泡沫冬景-,730
101,Banana,730
1060,Roboquest (机械守护者),730
2335,极乐世界（Elysium）,730
1274,THE KING OF FIGHTERS XV,730
1597,《勇者斗恶龙XI S 寻觅逝去的时光 - Definitive Edition》体验版,730
2610,美女，请别影响我学习,730
1529,World War Z,730
2625,自杀小队：消灭正义联盟,730
1419,Total War: PHARAOH DYNASTIES,730
2321,服侍人偶的日常 Demo,730
2477,爱欲之都开篇季,730
1476,Virtual Cottage,730
2404,活体飞机杯工厂歼灭队,730
1249,Summer with Mia Season 1,730
1981,多洛可小镇,730
512,Funbag Fantasy: Sideboob Story,730
88,BALL x PIT Demo,730
2390,汽水侠,730
688,Kingdom Rush Frontiers,730
339,Desktop Mate,730
775,Manifold Garden,730
2627,致命解药,730
1871,原地起啡 / SkyBrew: Entropic Strategist,730
1199,Staffer Case - 异能缉凶,730
2510,电竞教父,730
2348,桌宠屋,730
1107,Salt Player for Windows,730
1542,X2: The Threat,730
1008,ROUNDS,730
295,DRAGON BALL XENOVERSE 2,730
278,DDNet,730
1184,South Park™: The Stick of Truth™,730
981,Portal Knights,730
1392,Thief Simulator 2,730
2173,忍者大乱斗！ - Ninjam! Demo -,730
1844,勃起勇者與哈爾法斯的惡魔 Demo,730
2839,雷霆孤影 (VOIN),730
156,ButtKnight,730
1272,THE KING OF FIGHTERS XIII STEAM EDITION,730
2153,异世界情趣用品店,730
1843,勃起勇者与哈尔法斯的恶魔,730
921,Outlast 2,730
1092,SOMA,730
235,Coromon,730
2781,道无穷,730
2393,沉默的蟋蟀,730
1524,Wo Long: Fallen Dynasty Complete Edition Demo,730
578,Hacker Evolution - Untold,730
2084,小动物餐吧,730
147,Boxes,730
2288,星之旅Lunarium Demo,730
2873,高能人生,730
1109,Sandtrix,730
2214,我的朋友佩德罗,730
958,Pentiment,730
2253,收容：秘密档案,730
232,Coral Island,730
1338,The Last Faith,730
986,Prison Architect,730
2167,彼方的她-Aliya,730
1410,To the Moon《去月球》,730
1163,Sky 光·遇,730
516,GRADIUS ORIGINS,730
396,Dungreed,730
241,Craft The World,730
2468,烈焰屠龙·神兵觉醒,730
2061,宗门起源,730
2461,灵魂•启示录,730
2653,英雄传说：闪之轨迹I：改 –Thors Military Academy 1204–,730
2721,诺兰德 Norland,730
1828,刺客信条：枭雄,730
947,Palworld Dedicated Server,730
2118,巨人杀手：暗黑之潮,730
1230,Street Fighter V,730
1100,STEINS;GATE: My Darling's Embrace,730
1874,厨房战争,730
2503,生化奇兵 重制版,730
1097,STEINS;GATE 0,730
841,My Friendly Neighborhood,730
2296,星空列车与白的旅行,730
1209,SteamWorld Dig,730
2146,幽灵行者 2（Ghostrunner 2）,730
1998,天命奇御,730
2144,幻想鱼箱,730
2021,奇怪的RPG,730
805,Mirror 2: Project X,730
2233,扫毒风暴：宛北往事,730
2120,巨龙征服者,730
2135,帝国神话,730
632,ISEKAI QUEST,730
651,Into the Breach,730
1687,主播女孩重度依赖,730
2273,无人,730
2514,病房轶事～潜藏邪恶老鸟护士的住院生活～,730
1045,RetroArch,730
1352,The Mortuary Assistant Demo,730
216,ClearMem :: Free Up Your RAM,730
817,Montaro,730
1705,亡灵巫师2,730
863,NINJA GAIDEN: Ragebound Demo,730
2733,超时空方舟,730
2803,钻核公司 (Drill Core),730
1853,十二影,730
1756,侏罗纪世界：进化,730
2799,钢铁华尔兹,730
2355,梦魇骑士 ~圣洁少女与堕落魔法~,730
1581,《Battlefield 4》™,730
1846,勇者与亡灵之都,730
1774,元炁 playtest,730
191,Castle Crashers,730
1348,The Life and Suffering of Sir Brante,730
1436,Turing Complete,730
1240,Subverse,730
2109,岁久丹青,730
2790,都市传说解体中心 Demo,730
197,Cats Hidden in Bali,730
2929,龙之谷,730
1595,《光明记忆：无限》光线追踪 基准测试软件,730
1403,Tinkerlands,730
289,DOGWALK,730
930,PAYDAY 2,730
974,Pocket Waifu: Desktop Pet,730
1076,SACRIFICE VILLAINS：牺牲恶棍,730
2128,巴士达人,730
2010,太鼓之达人 咚咚雷音祭 体验版,730
886,No-good Streamer Mirai-chan! (Now accepting lewd comments,730
144,Boomerang Fu,730
2594,终结者: 黑暗命运 - 反抗,730
2388,江湖客栈-赛季模式,730
922,Outward,730
822,Morbid Metal Demo,730
17,A Little to the Left,730
269,DAEMON X MACHINA,730
753,Lunar Eclipse Demo,730
2846,霜港迷城,730
2661,药剂工艺：炼金模拟器,730
615,HoloCure - Save the Fans!,730
1719,亿万恋人,730
458,Fairy Fencer F Advent Dark Force,730
1370,The Scouring Demo,730
1856,千变的迷宫 风来的希炼 命运之塔与命运之骰,730
603,Heroes of Hammerwatch II,730
613,Hitman: Blood Money,730
1311,The Crew Motorfest,730
75,As Dusk Falls,730
1186,Space Engineers,730
1111,Scale the Depths Demo,730
16,A Few Quick Matches,730
1574,gogh: 虚拟形象与专注,730
392,Dungeon Warfare 3 Demo,730
53,Alan Wake,730
1255,Super Naughty Maid,730
1453,Unnamed Space Idle,730
456,Factorio Demo,730
145,Borderlands 2,730
2862,食神的卡组 试玩版,730
2863,餐癮地城,730
1504,Warudo,730
2696,血战突袭,730
2440,漫威暗夜之子,730
715,Le Mans Ultimate,730
2734,超灵秘法社,730
661,Jack Move,730
1442,UKNON Jones & Guynelk 2,730
2500,琉隐无界 Demo,730
987,Prison Escape Simulator: Dig Out,730
1809,几何竞技场,730
1522,Wizard of Legend,730
1473,Vindictus: Defying Fate Demo,730
813,Monster Hunter Wilds Beta test,730
180,Call of Duty®: Modern Warfare®,730
2374,死环：二次冲击,730
1254,Super Meat Boy,730
1262,Swords & Souls: Neverseen,730
663,Journey,730
1452,Universe Sandbox,730
1305,The Case of the Golden Idol,730
2030,女神异闻录５ 战略版,730
1823,刺客信条：兄弟会,730
369,Dota Underlords,730
553,Granblue Fantasy: Versus,730
2678,蒸汽之都的少女侦探,730
2062,宝藏世界,730
1929,哥布林弹球 Peglin,730
2858,风暴崛起 Tempest Rising,730
1031,Refunct,730
2067,宿命残响（Chained Echoes）,730
310,DayZ,730
593,Heal,730
736,Little Noah: Scion of Paradise,730
253,Crown and Adventure / 王冠与冒险  Demo,730
1258,Supermarket Together,730
1994,大胆的想法2 我的桌面,730
771,Mafia III: Definitive Edition,730
2413,海沙风云 Far Away,730
2838,零月的拉芙拉,730
82,Attack on Titan 2 - A.O.T.2,730
703,LIMBO,730
1813,刀剑封魔录,730
190,Cast n Chill,730
2151,廖添丁：绝代凶贼之末日,730
1665,与经纪人恋爱是绝对禁止！,730
559,Graveyard Keeper,730
1243,Sudden Strike Gold,730
2417,海运大亨 Demo,730
1979,夏色四叶草,730
300,Dark Deity,730
438,FANTASIAN Neo Dimension,730
945,Palia,730
2302,暗夜绝望,730
2353,梦幻遥控车(Re-Volt),730
1438,UBERMOSH,730
1238,Substance 3D Painter 2024,730
1286,Tainted Grail: The Fall of Avalon Demo,730
2204,我和未来有个约定,730
929,PATAPON 1+2 REPLAY,730
2188,恐惧之间 Fear surrounds,730
869,Narcissu 1st & 2nd,730
1563,Zero-K,730
358,Dishonored®: Death of the Outsider™,730
2772,逃离性欲服侍人偶的房间,730
72,Artifact Classic,730
170,CULTIC,730
386,Duck Detective: The Ghost of Glamping,730
2934,👑 选王之剑 👑,730
1569,[NINJA GAIDEN: Master Collection] NINJA GAIDEN Σ,730
1667,东京股神 STONKS-9800,730
1055,RoBoRumble,730
381,Dream Tactics,730
1523,Wizardry Variants Daphne,730
2264,斗技场的阿利娜 Alina of the Arena,730
2328,机械战警：暴戾都市,730
1134,Sex with the Devil,730
470,Far Cry New Dawn,730
1368,The Room VR: A Dark Matter,730
2741,超级跑车收藏模拟器,730
1960,地狱卡牌 Hellcard,730
2535,知只大冒险,730
2682,虚之少女,730
56,Aloft,730
2801,钢铁巨像 机甲觉醒 试玩版,730
1444,Ubisoft Connect PC Client,730
2729,赵云传：云汉腾龙,730
2419,涂色大师：像素梦想家,730
1592,《上帝也疯狂：开天辟地》,730
1434,Tsukigakirei,730
827,Mount & Blade,730
1327,The Gunk,730
2694,蠢蠢角斗士,730
984,Prince of Persia,730
210,Chronicon - 英雄旧忆,730
325,Death Crown,730
697,Kraken Academy!!,730
1727,仙剑奇侠传三外传·问情篇,730
2407,流放大陆,730
2238,拜托！明天和我恋爱吧,730
389,Dungeon Defenders Eternity,730
1387,TheoTown,730
393,Dungeons & Dragons Neverwinter Nights 2: Enhanced Edition,730
649,Insurgency: Sandstorm,730
1462,VBridger,730
1869,卫国战争,730
2931,龙胤立志传 Playtest,730
2443,火之石 - 放置英雄RPG,730
1664,与经纪人恋爱是绝对禁止2,730
2804,铁匠大师 Blacksmith Master,730
1394,This Is the Police 2,730
356,Dishonored,730
1308,The Coma 2: Vicious Sisters,730
1630,《黑相集：心中魔》,730
503,Football Manager 2024 Editor,730
2704,装机模拟器 (PC Building Simulator),730
2387,江湖十一,730
2212,我的好友小猪佩奇,730
1346,The Legend of Heroes: Trails of Cold Steel II,730
2381,永夜之围,730
1847,勇者斗恶龙 创世小玩家2 破坏神席德与空荡岛,730
469,Far Cry 6,730
1673,东方恋迷踪: 妖怪传说与幻想之旅 ~ Touhou Koi-Mystery: Legend and Fantasy of Monsters,730
2620,背包英雄 Backpack Hero,730
266,Curse of the Dead Gods,730
384,Driver Booster for Steam,730
2248,掘地求财,730
1435,Tsukuyomi: The Divine Hunter,730
948,Panzer Corps 2,730
348,Dicey Dungeons,730
2313,最后的咒语,730
243,Crash Bandicoot™ N. Sane Trilogy,730
585,Halls of Torment 苦痛殿堂,730
2907,黄金矿工:经典版,730
628,I wanna be the Creator,730
1744,余烬守卫 Emberward Demo,730
618,Horny Villa,730
1561,Zero Escape: The Nonary Games,730
2265,斩妖Raksasi,730
2746,越来越黑暗 Dark and Darker,730
635,Idle Fishing,730
89,BLEACH Brave Souls - 3D 动作,730
1486,WRC 9 FIA World Rally Championship,730
226,Console Shop Simulator,730
2829,隔离区-丧尸末日生存,730
79,Astrea: Six-Sided Oracles,730
2121,巫兎 - KANNAGI USAGI -,730
2476,爱与生活：幸福学生,730
487,Fetish Locator Week Two,730
2712,警区,730
2609,罪托邦 Demo,730
1834,力力普的工坊 - 试玩版,730
2008,太阁立志传Ⅴ DX,730
1718,人间地狱,730
249,CrossCode,730
250,Crosshair V2,730
2543,碧海黑帆,730
143,Book of Demons,730
926,PAC-MAN™ CHAMPIONSHIP EDITION 2,730
2709,觉醒异刃,730
1426,Transport Fever 2,730
220,College Kings - The Complete Season,730
637,Ikarus Parkour Demo,730
1131,Serious Sam HD: The Second Encounter,730
2518,百妖试禅心,730
360,Divinity: Original Sin Enhanced Edition,730
466,Fantasy General II,730
2438,漂泊牧歌 (The Wandering Village),730
891,Nordic Ashes,730
1678,中华一商：传承,730
1190,Spark in the Dark Demo,730
1791,兽猎突袭,730
700,Kunitsu-Gami: Path of the Goddess - Demo,730
416,Enderal: Forgotten Stories (Special Edition),730
623,How to Survive 2,730
1682,丸子与银河龙,730
1817,刃狱Demo,730
1223,Stranded: Alien Dawn,730
1248,Summer Pockets REFLECTION BLUE,730
950,Paper Planet,730
1724,仙剑奇侠传,730
273,DARK SOULS™: Prepare To Die Edition,730
1101,STRANGER OF PARADISE FINAL FANTASY ORIGIN,730
2537,矮人军团自走棋,730
1006,RESIDENT EVIL RESISTANCE,730
462,Fallout 76,730
15,911 Operator,730
2655,英雄竞起,730
1335,The King is Watching Demo,730
892,Northgard,730
1761,侠客风云传前传(Tale of Wuxia:The Pre-Sequel),730
812,Monster Hunter Wilds Benchmark,730
2266,斩妖行,730
136,Bloodstained: Curse of the Moon 2,730
876,Neverwinter Nights: Enhanced Edition,730
2582,紫色晶石,730
242,Crafty Survivors,730
1545,XCOM: Chimera Squad,730
2501,瑞奇与叮当 时空跳转,730
338,Desert Stalker,730
657,It Takes Two Friend's Pass,730
1433,Trine 5: A Clockwork Conspiracy,730
967,Pictopix,730
540,Glass Masquerade 2: Illusions,730
152,Bully: Scholarship Edition,730
2618,背包乱斗 Demo,730
2860,飞越13号房,730
1002,Quickie: A Love Hotel Story,730
398,Dwarven Realms,730
73,Artifact Foundry,730
448,FINAL FANTASY XIV Online,730
1944,围攻,730
2045,孤岛猎神,730
1216,Steps of Debauchery,730
1127,Seek Girl:Fog Ⅰ,730
1810,凡尔纳：幻想之形,730
2131,帕斯卡契约：终极版,730
2464,灵魂面甲(Soulmask) Demo,730
1729,仙剑奇侠传五前传,730
918,Outcore,730
2370,死亡教堂,730
563,Grey Heritage: Noble Duty Demo,730
460,Fallout 3 - Game of the Year Edition,730
165,COCOON,730
2779,造物主 2,730
2885,魔法少女天穹法妮雅,730
1819,初音未来 Project DIVA MEGA39’s＋,730
1291,Tasty Planet,730
1773,元气小剧场,730
704,LISC,730
1766,修仙：但系统让我种田,730
2626,自走骑士团 试玩版,730
662,Jagged Alliance 3,730
1411,ToHeart,730
808,Modern Pink Elf RPG,730
308,Darkwood,730
175,Call of Duty: Black Ops III,730
2428,深空梦里人,730
1398,Through the Ages,730
322,Deadlink Demo,730
773,Magic: The Gathering Arena,730
2445,火影忍者 疾风传 终极风暴4,730
686,Kingdom Loop Playtest,730
2561,禁忌试炼,730
2222,战壕惊魂,730
799,Middle-earth™: Shadow of Mordor™,730
2283,无限进化 Demo,730
2768,迷途猫的灵魂碎片,730
1047,Returnal™,730
1961,地狱卡牌：序章,730
222,Company of Heroes,730
2258,数字伙伴,730
2806,铁壁矩阵：轴突塔防,730
1822,刺客信条4：黑旗,730
851,NBA 2K22,730
1894,司辰之书,730
2889,魔法符石,730
2725,贸易之路,730
2820,阿斯加德的陨落,730
2757,轮盘英雄 Playtest,730
4,100% Orange Juice,730
604,Heroes of Might and Magic: Olden Era Playtest,730
2330,杀死影子 Demo,730
1428,Tree of Savior (English Ver.),730
1780,全网公敌2 新世界,730
2517,白色情人节：恐怖学校,730
1689,义闻录：轮回,730
1213,Steel Division 2,730
1513,Wheel World,730
2851,领土崛起,730
1935,喵门镖局 - Wild Woods,730
1898,同级生Remake,730
1373,The Slormancer,730
840,Muv-Luv Alternative,730
447,FINAL FANTASY XIII-2,730
2164,归拾 (PhiloDeka) Demo,730
107,Batman: Arkham Asylum GOTY Edition,730
335,Demons Roots,730
1709,人中之龙　极２,730
121,Bio Inc. Redemption,730
1974,墨池镇,730
263,Cube Racer,730
2816,长安：石之舞,730
2473,無雙☆群星大會串,730
2069,寄居隅怪奇事件簿 Hermitage Strange Case Files,730
2773,逃离鸭科夫 Demo,730
2560,神谕vr,730
2882,魔导士蒂亚与不可思议的大图书馆,730
1377,The Surge 2,730
1540,X-Morph: Defense,730
172,Caliber,730
2035,如果猫的愿望能实现,730
1447,Umamusume: Pretty Derby,730
1786,公会传说 遗落的世界,730
523,GUNDAM 创坏者4,730
645,Inkulinati 神笔谈兵,730
484,Feather,730
2845,霓虹深渊2 试玩版,730
1661,不双修就去世,730
2743,超级鸡马,730
1949,圣女战旗,730
1005,R2Beat: 音速觉醒,730
59,American Truck Simulator,730
904,OVIS LOOP Demo,730
995,Prototype,730
211,Chrono Odyssey Playtest,730
874,Netherworld Covenant Demo,730
2369,死亡之门,730
2724,贪婪大地,730
2306,暗黑战甲 试玩版,730
118,Beholder,730
1938,噩梦摇篮：献花于你,730
1402,Timelie,730
2054,完美的一天,730
2633,花妖物语2,730
1137,Shadow Tactics: Blades of the Shogun,730
1482,WINGSPAN (展翅翱翔),730
1050,Rewrite+,730
888,Nobody Wants to Die,730
500,Football Manager 2023,730
93,Back to Bed,730
713,Laundry Store Simulator,730
1148,Shenmue III,730
1749,你所不知道的童话故事,730
1859,千禧梦 Demo,730
2606,绽放★青春全力向前冲！,730
120,Big Ambitions,730
1942,回家前都算是棉花糖,730
1383,The Witcher 2: Assassins of Kings Enhanced Edition,730
1280,TUNIC,730
1954,地下城军团-献予魔王的少女们-,730
2880,魔塔地牢,730
2645,英灵士魂,730
885,"No, I'm not a Human Demo",730
1654,三相奇谈,730
187,Card Shark,730
97,Bad North,730
1892,只因山的鸡脚,730
2130,巴尔的遗产 试玩版,730
2745,超阈限空间 Superliminal,730
1261,Sword Art Online: Hollow Realization Deluxe Edition,730
51,Aim Hero,730
127,Bladed Fury｜幽林怪谈,730
111,Battle Nations,730
305,Darksiders II Deathinitive Edition,730
542,Gloria Victis,730
511,Friday the 13th: Killer Puzzle,730
1145,Shattered Pixel Dungeon,730
2899,麻布仔大冒险,730
1768,做个好梦,730
1836,动物园之星,730
1164,Skyrim Script Extender (SKSE),730
1290,Tap Ninja,730
2184,恋爱从离别开始 Demo,730
2162,归家异途,730
2750,轩辕剑叁 云和山的彼端,730
1396,Thronebreaker: The Witcher Tales,730
112,BattleBlock Theater,730
2049,学园构想家,730
486,Fences 3,730
1113,Schedule I,730
2916,黑暗大陆编年史：堕落精灵 Demo,730
117,Beat Saber,730
149,Breeders of the Nephelym,730
134,Blind Descent Playtest,730
821,Moonless Moon,730
492,Finding Paradise 《寻找天堂》,730
740,Lonely Mountains: Downhill,730
794,Metro 2033,730
1886,古剑奇谭(GuJian),730
2207,我是BOSS (Noobs Are Coming),730
763,METAL SLUG,730
2059,宗门修仙录 Playtest,730
1589,《WILD HEARTS™》,730
346,DiRT Rally,730
1692,九劫曲:诅咒之地 NINE TRIALS,730
2384,求生岛：不老泉传说,730
539,Ghostwire: Tokyo,730
1728,仙剑奇侠传二,730
2255,救命！怎么又塌了!,730
2683,虚妄之盒 Demo,730
846,NARUTO SHIPPUDEN: Ultimate Ninja STORM 2,730
1535,Worldless,730
1437,Turmoil,730
796,Metro Exodus,730
2032,女神氪金系统,730
1455,Unrailed!,730
2399,波兰球：编年史,730
479,Fate War,730
2601,统一指挥2,730
923,Overcooked,730
1493,"Warhammer 40,000: Boltgun",730
231,CoopRooms Demo,730
633,ISLAND,730
285,DELTARUNE (Chapter 1 & 2 DEMO),730
2082,小三角大英雄,730
991,Project Wingman,730
877,Ni no Kuni Wrath of the White Witch™ Remastered,730
1001,Queen's Quest 3: The End of Dawn,730
258,Crysis 2 Remastered,730
621,Hotel Galactic Demo,730
2825,随时配种！异种族孕育后宫村庄,730
2310,暴食的怪兽公主：惑星美食之旅,730
1964,地球防卫军6,730
2373,死寂（DeathlyStillness）,730
625,HumanitZ,730
1986,大富翁10(Richman 10),730
238,Counter-Strike: Condition Zero,730
327,Death's Gambit: Afterlife,730
103,Barony,730
2739,超级滑刃战士 Demo,730
1353,The Mr. Rabbit Magic Show,730
2436,满头大汗了吧，击球手！,730
2482,狂野星球复仇记 / Revenge of the Savage Planet,730
855,NEKOPARA After,730
1102,SUPER PEOPLE Playtest,730
194,Castlevania: Lords of Shadow - Ultimate Edition,730
1329,The House in Fata Morgana,730
976,Poly Bridge,730
1742,伽尔兰特：我的冒险故事,730
2570,笼中窥梦 Moncage,730
160,CD 2：陷阱大师,730
1745,你去死吧——多数表决死亡游戏,730
316,Dead Island Riptide Definitive Edition,730
934,PHOGS!,730
1078,SAMURAI SHODOWN,730
2758,边境开拓者,730
441,FINAL FANTASY VI,730
420,EroPhone,730
195,Cat Quest II,730
834,Mudborne：育蛙模拟器,730
256,Cry of Fear,730
810,Monster Hunter Stories 2: Wings of Ruin,730
268,Cyber Shadow,730
2529,真・三国无双７ with 猛将传,730
990,Project Unknown,730
1792,再刷一把2：金色传说,730
2579,米德加尔的部落,730
1085,SD GUNDAM 激斗同盟,730
2813,镇邪Ⅱ Playtest,730
2896,麦克斯韦解谜妖,730
2615,职场幻想,730
1536,Worms Armageddon,730
2200,我上了老妈的爆乳朋友,730
267,Cute Honey,730
2614,老广战役 Battle of Guang Demo,730
708,LOVE³ -爱立方-,730
154,Burnout™ Paradise Remastered,730
2103,尼古丁真大战芙蓉王源,730
1777,光明记忆,730
2848,青蛙的空之绿洲,730
1451,Undertale,730
689,Kingdom Rush Origins,730
2268,新仙剑奇侠传 单机版,730
2057,完蛋！我被美女包围了！2 试用版,730
534,Getting Over It with Bennett Foddy,730
1467,Valiant Hearts: The Great War™ / Soldats Inconnus : Mémoires de la Grande Guerre™,730
1188,SpaceEngine,730
2912,黑兽2‧改,730
978,Poly Bridge 3,730
2058,完蛋！我被美女包围了！前传,730
2832,雨世界,730
1185,Soviet Anomaly 7,730
1422,Touhou Luna Nights,730
2474,熔炉密林,730
1378,The Survivalists,730
2598,绝对魔权 试玩版,730
642,Incubus,730
2020,奇妙探险队2 Curious Expedition 2,730
2,100 New Year Cats,730
395,Dungeons 4,730
374,Drakantos Playtest,730
1121,Secret Pie (Adult Version),730
1980,夏色泡影,730
1094,SOULCALIBUR VI,730
95,Backrooms Rec.,730
2460,灵视异闻 FILE23 本所七大不可思议,730
652,Into the Unwell Playtest,730
373,Dragon's Dogma: Dark Arisen,730
2113,崩溃大陆 2,730
2472,無休仙途/EndlessJourney,730
1965,坑小球的小宇宙,730
2776,选王之剑：零 Demo,730
2657,英雄黄昏,730
772,Mage Arena,730
671,KARMA: The Dark World Demo,730
493,Fireboy & Watergirl: Fairy Tales,730
1010,RPG Maker MZ,730
1022,Ravenfield,730
2256,救命！怎么又塌了! 试玩版本,730
86,Aven Colony,730
2903,黄昏酒馆 - Adult Only,730
1746,你和她和她的恋爱。,730
2727,赛菲莉娅,730
2315,月下之癫,730
2112,崩坏3,730
2883,魔法之境 Demo,730
2217,我秘密的暑假时光2,730
2687,蚁托邦,730
2175,忍者龟：施莱德的复仇,730
1149,Sherlock Holmes Chapter One,730
801,Midvinter,730
597,Hellpoint,730
883,No More Room in Hell 2,730
2891,魔王将至 He is Coming,730
2434,湮灭线,730
1993,大海贼探险物语DX (High Sea Saga DX),730
1165,Slay the Princess — The Pristine Cut,730
902,OPUS：龙脉常歌 -最终版-,730
647,Inside the Backrooms,730
1738,优米雅的炼金工房 ～追忆之炼金术士与幻创之地～,730
1463,VRCFaceTracking,730
887,Nobody Saves the World,730
591,Hatred,730
2918,黑暗海妖,730
1900,名利游戏,730
750,LoveChoice 拣爱,730
453,FRAMED Collection,730
1882,受折磨的灵魂,730
646,Insaniquarium! Deluxe,730
1933,喜丧,730
129,BlazBlue Centralfiction,730
2312,最后一次突击,730
1129,Senua’s Saga: Hellblade II,730
1970,堕落少女：焰发的玛琪娜与遗迹之城,730
2737,超级机器人大战V,730
1461,VA-11 Hall-A: Cyberpunk Bartender Action,730
2700,街漓芳传,730
592,Haydee 2,730
2636,苍之彼方的四重奏 EXTRA1,730
297,Danganronpa 2: Goodbye Despair,730
2105,层层梦境,730
2012,失物招领模拟器,730
1415,Tomb Raider: Legend,730
1384,The Witcher: Enhanced Edition,730
1408,Titan Souls,730
2508,田园记,730
2532,真实台球3D - Pool,730
1380,The Texas Chain Saw Massacre,730
996,Psychonauts 2,730
2367,歧路旅人 II 序章体验版,730
2895,鸡生蛋蛋生鸡 Egg Chicken Farm,730
1366,The Room Three,730
87,Awaria,730
1126,Seek Girl Ⅱ,730
1017,Raging Loop,730
654,Iratus: Lord of the Dead,730
2675,落日余晖,730
1702,二分光景——COSER解体事件,730
2201,我们曾到此探险：友谊考验 - 友谊考验,730
726,Life is Strange Remastered,730
2002,天地有私，宿命之主,730
2208,我独自升级：起立·觉醒 Demo,730
911,Opus Magnum,730
1069,Runway 66,730
2797,野狗子: Slitterhead,730
184,Capcom Arcade 2nd Stadium,730
2565,秦殇,730
1505,Watch Dogs: Legion,730
906,Off The Grid,730
1567,Zup! 2,730
497,FlyKnight,730
2003,天月麻雀,730
543,Goat Simulator 3,730
2358,植物大战僵尸™: 和睦小镇保卫战,730
2656,英雄萨姆4,730
36,Achilles: Survivor,730
2165,影子武士2,730
2920,黑枪神悟空,730
377,Dread Hunger,730
1854,十六进制,730
54,Alice: Madness Returns,730
1857,千变的迷宫　风来的希炼６　蛇蜷岛探险谭,730
590,Hare 136,730
1393,Thief Simulator 2: Prologue,730
1220,Stonehearth,730
1759,侠之道(PathOfWuxia),730
2491,猛鬼大厦,730
513,GINKA,730
1083,SCP: Rulebreaker,730
825,MotoGP™15,730
1646,三国志：建安外史试玩版,730
2297,春泥 Demo,730
1808,凛冬前线 / FrostBound Demo,730
2893,魚蛋妹,730
720,Legend creatures,730
2571,笼子,730
595,Heavy Metal Babes,730
678,Kena: Bridge of Spirits,730
193,Castlevania Dominus Collection,730
1074,Rusty's Retirement,730
257,Crysis 2 Maximum Edition,730
148,Brawlhalla,730
2711,解限机 Demo,730
1971,塔罗斯法则：重启,730
2677,葬花·暗黑桃花源,730
842,My waifu guild,730
1306,The Cave,730
259,Crysis 3 Remastered,730
859,NEKOPARA Vol. 4,730
1086,SENRAN KAGURA ESTIVAL VERSUS,730
2287,星之後裔 : Knights of Veda,730
872,Neon Beats,730
1157,Silent Hill: Homecoming,730
477,Farming Simulator 22,730
261,Cube Escape Collection,730
2634,花开之魔种,730
2411,浮生游歌,730
932,PCMark 10,730
2670,菜市场模拟器,730
970,Pizza Tower,730
1120,Sealing Tower,730
2507,生死狙击（国际版）,730
668,KANADE,730
1028,Rebirth:Mr Wang,730
1417,Torchlight III,730
2588,纸嫁衣,730
2323,末日准备狂：序幕篇章,730
705,LIVE A LIVE: Demo Version,730
605,Hexcells Infinite,730
2699,衔尾：龙之铃,730
561,Gremlins vs Automatons,730
2185,恋爱关系/Romance,730
882,No More Room in Hell,730
422,Escalation!,730
28,AI少女情人梦   AI Girl Lovestory,730
2257,救赎之路,730
2908,黄金魁犬,730
130,Blazing Beaks / 神鸭特攻,730
619,Hot And Lovely ：Dream,730
380,Dream Eaters.exe Demo,730
658,Ithya: Magic Studies,730
414,Ells Tales: Chairbound,730
920,Outlast,730
2755,轮作法 Crop Rotation,730
1763,俄罗斯人对蜥蜴人,730
1599,《命令与征服™：红色警戒 3》,730
608,Highway Blossoms - 花开公路,730
1897,同步音律喵赛克,730
853,NBA 2K24,730
1180,Soundpad Demo,730
2534,瞎闹猎车手,730
731,Lil Gator Game,730
959,PerfectLover 完美女友,730
2230,房产达人,730
2435,溯光行 Demo,730
473,Farm Frenzy 3,730
2924,黑色印记,730
2901,黄昏的天使,730
5,12 is Better Than 6,730
55,Aliens: Dark Descent,730
349,Dig or Die,730
1669,东方冰之勇者记,730
2728,赫雷斯的角斗场Ⅱ,730
162,CHAOS;HEAD NOAH,730
264,Cucumber,730
2254,放学后,730
2377,毁了的护士,730
2669,莱莎的炼金工房３ ～终结之炼金术士与秘密钥匙～,730
342,Devil May Cry 4 Special Edition,730
2124,巴克斯的庆典,730
2731,超凡双生,730
789,Mega Man Legacy Collection,730
1021,Ratopia,730
105,Barro F22,730
2690,螃蟹大战 2,730
903,OVER‧DeviL：圣石少女篇,730
519,GROUND BRANCH,730
742,Lords Of The Fallen,730
627,I Expect You To Die,730
1498,"Warhammer 40,000: Warpforge",730
2215,我的美熟继母💋,730
430,Exo One,730
2414,海港物语 Havendock,730
1865,卡牌店模拟器 多人联机版 试玩版,730
756,Lust Theory,730
1259,Survive the Fall Demo,730
1870,历历在目,730
746,Lost,730
2544,碳酸危机 试玩版,730
1123,Sect-Machina,730
1225,Stray,730
45,Age of Empires: Definitive Edition,730
2368,死亡与税赋,730
1666,世界树的迷宫 HD REMASTER,730
550,Gorogoa,730
451,FINAL FANTASY XVI DEMO,730
1229,Street Fighter 6 Demo,730
1541,X-Tension,730
102,Banana Shooter,730
239,Counter-Strike: Source,730
1751,你的彩虹牛牛,730
33,ATRI -My Dear Moments-,730
768,MORDHAU,730
2077,寻诗奇遇,730
2481,犹格索托斯的庭院,730
169,CRISIS CORE –FINAL FANTASY VII– REUNION,730
2877,鬼道:地府甦醒,730
1285,Tainted Grail: Conquest (污痕圣杯),730
1287,Tales of Berseria,730
2046,孤岛笔记 Demo,730
245,Creepy Shift: House For Sale,730
1735,伊苏IX -怪人之夜-,730
2086,小小梦魇 强化版,730
463,Fallout Shelter,730
2581,索尼克×夏特 世代重启,730
2936,🕌魔塔与6️⃣勇者  (Six Braves),730
871,Nekoview,730
1487,WRC Generations - The FIA WRC Official Game,730
1038,Resident Evil 4 (2005),730
577,Hacker Evolution,730
1194,SpongeBob SquarePants: Battle for Bikini Bottom - Rehydrated,730
907,One Hand Clapping,730
629,ICEY,730
8,30 Days on Ship Playtest,730
63,Amnesia: The Dark Descent,730
1683,丸霸无双,730
2278,无尽星火 (Star Fire: Eternal Cycle) Playtest,730
2817,闪客快打单机版合集2021,730
2664,莫莫多拉: 月下告别,730
2183,恋~一些小清新的猎奇故事~,730
1430,Trine,730
1893,台球2D - Poolians,730
856,NEKOPARA Vol. 0,730
378,Dreadway Demo,730
824,Mortal Shell,730
2089,"小猫咪大城市 Little Kitty, Big City",730
2193,悟空传奇,730
2735,超级包租公,730
158,CARRUMBLE,730
2301,暗夜之爱,730
2513,病房轶事～在凶恶护士长主宰的医院深渊中过着卧底生活～,730
472,Far Cry® 3,730
1343,The Legend of Heroes: Trails in the Sky,730
612,Hitman: Absolution,730
1963,地球勇者 Earth Fighter Demo,730
710,Labyrinthine,730
1379,The Tenants,730
985,Prince of Suburbia - Part 1,730
1748,你已经猜到结局了吗,730
1658,上行战场 / The Ascent,730
2590,纸嫁衣5来生戏,730
880,Night of the Dead,730
1222,Storyteller,730
1862,南瓜杰克,730
2927,鼓手余命十日谭,730
2458,灵境·修仙界,730
951,Paradox Soul,730
1551,Yet Another Zombie Defense HD,730
1116,Scorn,730
106,Barro GT,730
2855,风帆纪元 Sailing Era,730
2887,魔法少女的魔女审判 逝玩版,730
1351,The Mirror Lied,730
2770,退潮,730
1527,Wolfenstein II: The New Colossus,730
504,For the Queen,730
1012,RUNNING WITH RIFLES,730
1153,Shovel Knight: Treasure Trove,730
1152,Shift Happens,730
233,Corner Shop: Nightshift Demo,730
807,Mitsurugi Kamui Hikae,730
2014,失落的记录：绽放与愤怒,730
2052,宅男的人间冒险,730
875,Neverending Nightmares,730
1546,Xenopurge,730
2041,妖谈：百鬼夜行,730
2671,萌宠拆拆乐,730
337,Deponia,730
1210,SteamWorld Dig 2,730
2316,月之镜：欲望之馆,730
1416,Torchlight II,730
1590,"《Warhammer 40,000：混沌之门 - 恶魔猎人》",730
2311,曙光防御,730
357,Dishonored 2,730
1390,Thief,730
2584,红怪,730
91,Baba Is You,730
780,Marvel’s Avengers |《漫威复仇者》终极版,730
1478,Viscera Cleanup Detail,730
2406,流亡黯道2,730
1359,"The Princess, the Stray Cat, and Matters of the Heart 2",730
1826,刺客信条：幻景,730
961,Permute,730
1081,SCP: 5K (Alpha Testing),730
838,MustScream,730
1547,X飞行俱乐部：FPV无人机模拟器 Demo,730
2629,艾妮希雅与契约纹 ～马蹄大街的娇弱圣女～,730
583,Half-Life 2: VR Mod,730
2037,妃神会秘史,730
2094,小马宝莉：西风高地谜团,730
367,Doors: Paradox,730
375,Drakensang Online,730
2206,我在地府打麻将 Demo,730
2756,轮回修仙路,730
439,FAR: Lone Sails,730
1934,喵喵角斗士 Demo,730
788,Mecharashi,730
352,Dinkum(金垦小镇) Demo,730
2416,海绵宝宝 : The Cosmic Shake,730
1276,TOEM,730
1812,出將入相 Demo,730
2808,铁甲雄兵 Blood of Steel,730
507,Forspoken,730
1082,SCP: CB Multiplayer Reborn,730
1072,Rusty Lake Hotel,730
192,Castle of Illusion,730
861,NIDANA,730
2524,真·女神转生Ⅴ Vengeance Demo,730
124,Black Mesa,730
2796,重铸纪元：自由地,730
526,Game Dev Tycoon,730
1221,Stormworks: Build and Rescue,730
2569,符文竞技场,730
971,Planet of Lana,730
2646,英灵学院,730
196,CatTuber,730
382,Dream Team Basketball,730
1754,你确定要喝这个？Demo,730
960,Peripeteia,730
2459,灵拳 Spirit X Strike,730
326,Death Road to Canada,730
2637,苍空之韵 Demo,730
1672,东方心之解束~Saving from the devil,730
1344,The Legend of Heroes: Trails in the Sky SC,730
693,Knightica: Prologue,730
2071,寇莎梅特：困世迷情 Consummate:Missing World,730
2852,领土防御：我们让经常刷到的虚假广告变成了真正的游戏,730
2872,高考恋爱一百天,730
2375,死环：二次冲击 Demo,730
1694,九州剑歌,730
531,Gears Tactics,730
1558,Yu-Gi-Oh! Duel Links,730
517,GRID 2,730
287,DISTRAINT 2,730
47,Age of History II,730
1160,Sisters~夏日的最后一天~,730
1806,冻京NECRO,730
528,GameCreator,730
248,Crime Simulator,730
2551,神器行者: 重生,730
2819,间谍密令 Spy Drops,730
1920,咔砰！玩具乱斗屋 Playtest,730
1873,原点计划,730
2159,异星铁路,730
84,Automobilista 2 Demo VW TSI Cup,730
221,Commandos: Origins,730
135,Blood Code,730
155,Bus Simulator 21 Next Stop,730
1560,Zero Chastity: A Sultry Summer Holiday,730
1475,Virtua Fighter 5 R.E.V.O.,730
2749,轨道连结 - Railbound,730
1429,Tricky Towers,730
2177,快穿少女拼图,730
1928,哥布林女仆大扫除 Demo,730
168,CPUCores :: Maximize Your FPS,730
2263,文字规则怪谈,730
319,Dead Space 2,730
2558,神椿市协奏中。,730
2115,工业巨头 (Captain of Industry),730
2747,趣拼拼：肖像画 Pleasure Puzzle:Portrait,730
2421,淫落心理咨询~妻子在丈夫面前暴露本性~,730
1375,The Stanley Parable: Ultra Deluxe,730
626,Huntdown,730
1639,万手一体,730
2603,绯红结系 Story Demo,730
2309,暴雨,730
1736,伏魔行者,730
2824,随从大师,730
757,Lust Theory Season 2,730
927,PAGUI,730
2401,波西亚时光,730
707,LOLLIPOP CHAINSAW RePOP,730
1712,人中之龙６　生命诗篇。,730
2038,妄想症 Deliver Me,730
894,Nova Lands,730
1303,The Binding of Isaac,730
171,Cabernet,730
1061,Rocket League,730
2793,采石场惊魂,730
893,Not Another Weekend,730
138,Bloons Card Storm,730
411,Elemental Girls,730
372,Dragon's Dogma 2 角色编辑＆保存,730
665,Jump King,730
291,DOOM 3: BFG Edition,730
1789,兽娘秘境：异象残影(Mysteria~Occult Shadows~),730
2044,姐姐恋爱法则 Playtest,730
1474,Viridi,730
1297,Terminator: Resistance,730
1088,SKYBOX VR Video Player,730
968,Pillars of Eternity,730
1549,Yaga,730
1026,Re:VER PROJECT TOKYO Demo,730
1302,Thalassa: Edge of the Abyss,730
692,KnightShift,730
275,DATE A LIVE: Ren Dystopia,730
1059,Robocop: Rogue City Demo,730
2284,时空重构,730
219,Cloudpunk,730
1340,The Last Stand: Aftermath,730
2260,数码宝贝世界 -next 0rder-,730
837,Mushroom,730
1481,WILL: A Wonderful World,730
1795,冒险之旅：十字军东征,730
2174,忍者神龟：破碎命运,730
2009,太鼓之达人 咚咚雷音祭,730
66,Anno 1404 - History Edition,730
37,Across the Obelisk,730
672,KILL THE WITCH Demo,730
1868,卡莱蒙沃之塔 Tower of Kalemonvo,730
1741,传说法师2,730
1315,The Drifter,730
415,EmyLiveShow: How To Write A Bestseller,730
34,Abra-Cooking-Dabra Demo,730
363,Doki Doki Literature Club Plus!,730
2505,生化奇兵：无限 完全版,730
1771,催眠学习 —Secret Desire—,730
1851,勇者被宠坏的奇幻世界RPG,730
1945,国王的新牌 试玩版,730
2236,抵抗魅魔-被魔纹侵蚀的女骑士的末路,730
2308,暴走恐龙 Terror of Hemasaurus,730
638,Immortals Fenyx Rising,730
318,Dead Rising 4,730
2412,海参2,730
2909,黎明之诺,730
1365,The Room,730
2127,巴别塔圣歌,730
1958,地狱丧钟 Hell Clock Demo,730
2555,神弃之地 Demo,730
544,God Of Weapons,730
1413,Tom Clancy’s Rainbow Six Extraction Demo,730
2486,狼之编年史,730
624,Hue,730
1501,Warplanes: WW2 Dogfight,730
890,Noitu Love 2 Devolution,730
432,F1 2018,730
20,A Promise Best Left Unkept - Aya Edition,730
1309,The Coma: Recut,730
2575,篮下王朝：战术大师,730
2608,罗格：救世传说,730
954,Pathfinder: Kingmaker,730
1996,大货车极限竞赛,730
2859,风来之国 (Eastward),730
1740,传说与战术自走棋,730
2878,魂之归宿,730
67,Antimatter Dimensions,730
2047,孤星猎人,730
1483,WISH Paradise,730
2892,魔骑少女,730
2720,诸神之劫：自走棋,730
659,JDM: 漂移大师,730
60,Ammossum Playtest,730
1264,System Shock,730
2628,舰队使命 大海战2,730
866,NOBUNAGA'S AMBITION: Souzou,730
433,F1 2021,730
935,PICO PARK,730
1861,半妖忍少女,730
1531,World of Guns: Gun Disassembly,730
1073,Rusty Lake Paradise,730
610,Higurashi When They Cry Hou - Ch.4 Himatsubushi,730
2487,猎厨狂欢 Demo,730
240,Cowboy Life Simulator Playtest,730
1369,The Roottrees are Dead,730
1804,冰海孤翼 (体验版),730
1151,Sherlock Holmes: The Devil's Daughter,730
656,Iron Meat,730
1135,Sexy Beats,730
1637,七龙珠 破界斗士,730
857,NEKOPARA Vol. 2,730
1356,The Past Within,730
1175,Somerville,730
1530,World of Goo 2,730
1187,Space Haven,730
1991,大比斗传说,730
2471,热血硬派国夫君外传 热血少女2,730
2132,帝国入境所,730
215,Classic Sudoku,730
2053,守夜人：长夜,730
664,Joy Life,730
2228,战魂铭人,730
2075,对弈五千年,730
1918,咒运魔骰,730
2703,被虐的诺艾尔 S1-7 试用版,730
1018,Raiders of Blackveil Demo,730
475,Farm Together 2,730
2110,岁久丹青 Demo,730
163,CHRONO TRIGGER,730
712,LastCloudiaTc,730
2070,密室逃脱模拟器,730
622,House Party,730
1988,大富翁4,730
1866,卡牌生存：奇幻森林,730
1620,《极品飞车：热力追踪》重制版,730
602,Hero Siege,730
1990,大恶人千金 枭雌百合战记 Demo,730
1946,图形塔防,730
783,Max Payne 3,730
2189,息风谷战略 Demo,730
2917,黑暗时代：背水一战,730
454,FTL: Faster Than Light,730
2723,负鼠闹翻天,730
1133,Sex of Thrones 2 👑 Demo,730
1640,万民长歌：三国 Demo,730
2789,都市传说解体中心,730
2597,绝境使者 TimeTreker,730
2134,帝国游戏：像素英雄 Demo,730
1251,Super Animal Royale,730
2181,怪物圣所,730
1322,The First Berserker: Khazan Demo,730
2516,登阶 Demo,730
1289,Tales of the Black Forest,730
896,Nunholy,730
181,Call of Duty®: Modern Warfare® 3 (2011),730
1171,Snooker Nation Championship,730
2689,蜡笔小新“煤炭镇的小白”,730
2158,异形工厂（Shapez）,730
2149,废土之歌,730
1065,RollerCoaster Tycoon Classic,730
2090,小白兔电商,730
1841,劫后公司,730
815,Monster Train,730
973,PlayStation®VR2 App,730
2372,死域Rogue,730
2450,火花奇遇记：自动化冒险,730
568,Guild Wars 2,730
1753,你的老母,730
1598,《命令与征服3：泰伯利亚战争》,730
1688,久那土国记,730
23,ABZÛ,730
727,Life is Strange: Before the Storm Remastered,730
782,Material Girl,730
748,Lost in Random: The Eternal Die Demo,730
1537,Worshippers of Cthulhu,730
1015,Racine,730
1573,eden*,730
1364,The Rise of the Golden Idol,730
1842,劫盗惊魂夜,730
787,Mecha Legends Demo,730
1794,再见断刀 Demo,730
2814,镜头人生-模特写真馆 Demo,730
428,Everdream Village Demo,730
262,Cube Escape: Paradox,730
1675,丧尸卡牌,730
2744,超自然车旅 Pacific Drive,730
2905,黄泉之路,730
2261,整理拾光 Demo,730
1172,SnowRunner,730
1502,Warstone TD,730
2599,绝望之地,730
1526,WolfQuest: Anniversary Edition,730
2143,幻想神域 - 源神啟動,730
1200,Star Valor,730
2307,暗黑森林 DEMO,730
719,Left 4 Dead 2 Authoring Tools,730
1040,Resident Evil 6,730
2000,天命奇御：归途,730
1796,冒險奇譚高畫質重製版,730
2676,落星 Demo,730
2697,血盟守卫军 II,730
1941,回声工坊 RplGen Studio,730
2595,终落之城 试玩版,730
865,NOBUNAGA'S AMBITION: Kakushin with Power Up Kit,730
1575,iRacing,730
567,Guidus Zero,730
1528,Wolfenstein: Youngblood,730
2244,指尖疾速：打字狂潮,730
146,Borderless Gaming,730
2160,异端者 (Heretical),730
333,Demon Bluff Playtest,730
2554,神奇魔法师,730
721,Leisure Suit Larry - Wet Dreams Dry Twice,730
421,Erophone Re,730
655,Iron Harvest,730
2350,桌面小猫娘,730
26,AI LIMIT 无限机兵 Demo,730
188,Carnal Instinct,730
1880,反叛的使徒,730
1816,刀剑神域 碎梦边境,730
699,Kung Fu Strike: The Warrior's Rise,730
85,Avatar: Frontiers of Pandora,730
636,IdleOn - 放置类MMO,730
2915,黑暗之心,730
502,Football Manager 2024 Demo,730
2673,萝乐娜的炼金工房 ～亚兰德之炼金术士～ DX,730
767,MONSTER HUNTER RISE: SUNBREAK DEMO,730
345,DiRT 3 Complete Edition,730
2237,拆卡模拟器,730
835,Murderous Pursuits,730
1948,圣剑传说 Visions of Mana 体验版,730
1904,吹弹！丰盈！波涛汹涌！异世界魔法学园！,730
1509,WayOut,730
641,Increlution,730
1588,《Unravel Two》,730
2545,祝姫,730
1242,Sudden Strike 4,730
2293,星烬 烛耀山海 Demo,730
2662,莉洁与试练之城,730
1244,Sudoku Jigsaw,730
2604,维京之城,730
938,PIONER Demo,730
2906,黄老饼梦游惊奇,730
2187,恐怖的世界,730
2674,萤火虫动映,730
2190,恶月十三,730
446,FINAL FANTASY X/X-2 HD Remaster,730
2840,雾影猎人 Playtest,730
494,Fishing Planet,730
58,Amarillo's Butt Slapper,730
2665,莱卡：鲜血铸就,730
764,MOBA走位训练器,730
2465,灾变前夜,730
1562,Zero Hour,730
884,No Such Place Playtest,730
2624,胡闹装修 终极版,730
2836,雪山别墅和三个女孩的做爱假期,730
320,Dead Space™ 3,730
1969,堇的天空,730
1441,UFO 50,730
1516,Wild Life Demo,730
2216,我的超级现充生活 全语音版,730
900,ONE PIECE World Seeker,730
1013,Rabbit and Steel,730
702,LEGO® The Lord of the Rings™,730
2360,樱之杜†净梦者,730
2385,江城创业记,730
1241,Succuboss,730
1922,咖啡星矿工 序章,730
2324,末日清理专家 (Doom Sweeper),730
230,Cooking Simulator,730
620,Hot Lava,730
937,PICO PARK:Classic Edition,730
1237,Substance 3D Designer 2024,730
754,Lushfoil Photography Sim,730
1052,Rift of the NecroDancer,730
1110,Say No! More,730
81,Atomicrops,730
729,Life is Strange: True Colors,730
2788,部落幸存者,730
1459,Urban War Defense,730
2684,虚妄轮回,730
1691,乌鸦先生的独白 - A Raven Monologue,730
1217,Stick Fight: The Game,730
2351,梦之形: 序章,730
2063,宝藏猎人克莱儿,730
344,Devil May Cry HD Collection,730
1159,Sir Whoopass™: Immortal Death,730
2305,暗黑堕落幸存者 Playtest,730
2483,狙击手：幽灵战士契约,730
1564,Zombie Army 4: Dead War,730
2454,灰烬之国 Cinderia,730
1066,Root,730
1790,兽娘红茶馆 Demo,730
467,Far Cry,730
1684,为主人献上圣罗的甜蜜侍奉,730
2520,皇帝与社稷,730
2623,胡闹搬家2,730
334,Demonologist,730
1783,全面战争：战锤,730
2172,忍堕－女忍调教,730
1077,SAEKO：女巨人恋爱模拟,730
1003,Quilts and Cats of Calico (猫与花毯),730
2732,超控行者,730
1197,Squad 44,730
1195,Sprocket,730
1623,《潜行者：普里皮亚季的召唤》增强版,730
2493,猫猫钓游记 试玩版,730
2811,锚点降临,730
1668,东北之夏,730
1538,Wuppo - Definitive Edition,730
674,Kalimba,730
2198,愤怒的孙子们,730
1136,Shadow Labyrinth 暗斗迷宫,730
1484,WRC 10 FIA World Rally Championship,730
2145,幻耀的羽毛 / Mirage Feathers,730
2853,风与鸟 - Wind and Bird,730
189,Cassette Beasts 磁带妖怪,730
1025,Rayman Legends,730
2426,深海迷航：冰点之下,730
728,Life is Strange: Double Exposure,730
41,Age of Empires II (2013),730
315,Dead Island Definitive Edition,730
849,NBA 2K20,730
2818,闲置猎手,730
247,Crime Scene Cleaner: Prologue,730
1772,像素哥3,730
1670,东方华彩乱战2,730
747,Lost Castle,730
1122,Secrets of Grindea,730
465,Family Crush,730
2379,水浒绘卷 Demo,730
131,Bleak Haven Demo,730
2224,战甲机索尔冈特,730
32,ASTLIBRA ～生きた証～ Revision Demo,730
917,Out of Stock! Demo,730
1105,Saints Row,730
1910,命定奇谭,730
2396,沙耶之歌,730
2199,我上了我的爆乳经理,730
2457,灵动桌面,730
2587,纷争终结者: 被遗弃的孩子们,730
1950,圣杯誓约,730
1511,Welcome to Free Will,730
2156,异形丛生：虫启天降 (Alien Swarm: Reactive Drop),730
1298,Terminull Brigade Playtest,730
2334,東方紺珠伝 ～ Legacy of Lunatic Kingdom.,730
92,Baby Steps Demo,730
584,Half-Life: Alyx,730
1204,Starship Troopers: Extermination,730
2809,铁骑少女,730
2361,橡胶强盗: Rubber Bandits,730
1750,你救世主播？,730
2784,遗迹：灰烬重生,730
589,Handyman Legend 水管工传说,730
1401,Time Wasters,730
2382,永恒空间2,730
2698,血腥画家恋爱游戏,730
1987,大富翁11,730
1211,SteamWorld Heist,730
2300,暗喻幻想：ReFantazio～序章试玩版～,730
2019,奇妙探险队 Curious Expedition,730
2318,月影魅像-解放之羽-,730
599,Hentai Girl Division,730
3,100 Waiting Cats,730
596,Hell is Us Demo,730
90,BRAVELY DEFAULT II,730
1743,余烬守卫 Emberward,730
418,Ephemeral,730
2826,隐居军师的救国战略,730
2640,苏丹的游戏 Demo,730
1169,Slyders Demo,730
2408,流浪者,730
2467,炼金之道 试玩版,730
1310,The Crew 2,730
2577,米塔 MiSide Demo,730
2231,房产达人 2,730
2213,我的小绿屋,730
1925,哆啦A夢的銅鑼燒店物語 (Doraemon Dorayaki Shop Story),730
1063,Rogue : Genesia Demo,730
1631,ウマ娘 プリティーダービー,730
1775,光与影的二重身,730
329,Debugging Hero,730
2754,转生Galgame成为女主角！,730
62,Amnesia: The Bunker,730
1328,The Horde Wants You Dead Demo,730
2589,纸嫁衣4红丝缠,730
2658,英魂之刃,730
1571,delivery pals,730
409,Easy Cat Timer,730
548,Going Medieval ( 前往中世纪 ),730
1263,Symphonic Rain,730
167,CODE VEIN Demo,730
2798,金币辉煌,730
1839,动画制作物语 (Anime Studio Story),730
2716,试用版魔王将至 He is Coming Demo,730
910,Operation swat,730
2042,妮娜诺 : 梦之牧场,730
1147,Sheepy: A Short Adventure,730
1250,Sunless Sea,730
2834,雨中冒险: 回归,730
1927,哈希绿洲（Hash Oasis）,730
956,Pathologic 2,730
639,Imperator: Rome,730
2702,被虐的诺艾尔 Complete Edition,730
2429,深空涡旋 Star Vortex,730
71,Art of War: Red Tides,730
2583,红弦俱乐部,730
1266,TCG Card Shop Simulator: Prologue,730
1477,Visage,730
1042,Resident Evil Revelations,730
2753,轩辕剑柒-免费试玩版,730
1391,Thief Simulator,730
1161,Sixtar Gate: STARTRAIL,730
2691,融雪,730
21,A Short Hike,730
1733,仙途幻境,730
1457,Untitled Goose Game,730
2652,英雄传说：闪之轨迹II：改 –The Erebonian Civil War-,730
908,OneShot: World Machine Edition,730
2080,封神榜重置版,730
1992,大江湖之苍龙与白鸟,730
125,Black Reliquary,730
2902,黄昏酒馆,730
1314,The Dragonhood,730
2449,火线迈阿密2：空号,730
2778,速速上菜！,730
394,Dungeons & Dragons: Chronicles of Mystara,730
2088,小小的岛Demo,730
1663,不恋爱就完蛋了,730
413,Elin Demo,730
417,Enotria: The Last Song,730
1855,十年不晚,730
716,League of Maidens,730
202,Cell to Singularity - Evolution Never Ends,730
2681,虐杀熔炉,730
2329,机械迷城 (Machinarium),730
1621,《法外枭雄：滚石城》Crime Boss: Rockay City,730
2794,重塑文明 Rebuilding Civilization Demo,730
2220,战国无双５,730
2064,实力单身,730
1367,The Room Two,730
1425,Transistor,730
1490,War Robots: Frontiers,730
2232,托托莉的炼金工房 ～亚兰德之炼金术士2～ DX,730
683,Kindred Spirits on the Roof,730
1386,The friends of Ringo Ishikawa,730
1762,侠道游歌,730
1207,Stealth Inc 2,730
12,5D Chess With Multiverse Time Travel,730
2586,纪元: 变异,730
999,Pâquerette Down the Bunburrows Demo,730
173,Call of Duty (2003),730
480,Fate/EXTELLA,730
2097,少女与城主,730
2078,导演模拟器,730
1068,Runers Demo,730
1448,Umineko When They Cry - Question Arcs,730
2125,巴别号漫游指南,730
1891,另一个肉鸽农场 试用版,730
2247,捉妖物语2,730
737,Little Witch Nobeta,730
178,Call of Duty: World at War,730
1885,叠叠高城 Pile Up!,730
2766,迷你舒适房间：Lo-Fi（试玩版）,730
989,Project Nimbus: Complete Edition,730
1354,The Outer Worlds,730
1252,Super Auto Pets,730
1506,Watch_Dogs,730
341,Despotism 3k,730
2479,牌兵布阵 Demo (Commander Quest Demo),730
1115,Scope X,730
653,Inunaki Tunnel | 犬鳴トンネル,730
1653,三國志13,730
1924,咸鱼殿下,730
2605,维斯塔利亚传说2：希尔瓦比西之圣剑,730
2680,蓝途王子,730
1489,War Robots,730
751,Lucy Got Problems,730
40,Ad Infinitum,730
2209,我的人生,730
1914,命运游戏2：百年之约 Demo,730
2663,莎拉的黑店,730
1770,偷天骑士 Playtest,730
2823,除灵事务所,730
2179,性感史莱姆派对（Slime Sexy Party）,730
1615,《无主星渊》 公开试玩,730
383,Drive Beyond Horizons Demo,730
1456,Unravel,730
1124,Seed Hunter 猎源,730
1,"""百英雄传   Eiyuden Chronicle: Hundred Heroes""",730
1485,WRC 7,730
2898,麦穗镇物语：放置好时光 试玩版,730
1247,Summer Pockets,730
2713,记忆的琴键,730
2100,少女理论以及周边 -École de Paris-,730
254,Crusader Kings II,730
260,Crysis Remastered,730
2926,黑道麻将,730
2566,突然＊恋人,730
600,Hentai Girl Fantasy,730
2150,废土帝国：人类复兴,730
1138,Shadow Tactics: 爱子的选择 Aiko's Choice,730
2791,醉风酒 Demo,730
301,Dark Hours: Prologue,730
1095,STAR OCEAN THE SECOND STORY R - DEMO,730
2356,棋弈无限：中国象棋,730
1613,《文字游戏》,730
2180,怪兽远征,730
1767,偏差者,730
1345,The Legend of Heroes: Trails into Reverie,730
1723,从画面中出来的我推Vtuber的同居生活 ～梦魔可爱ASMR主播是地雷系？～,730
330,Deep Secret,730
495,Flobe,730
2033,女鬼桥 开魂路,730
895,Nuclear Blaze,730
2036,如神之馆～欲望的247～,730
365,Dolmen,730
1224,Strange Brigade,730
2466,灾殃The Scourge,730
648,Insurgency,730
2333,東方獣王園 〜 Unfinished Dream of All Living Ghost.,730
2034,女鬼桥二  释魂路,730
2325,机动战士 GUNDAM SEED 激斗命运 复刻版,730
673,Kabuto Park,730
2040,妖恋西游 Demo,730
1446,Ultimate Zombie Defense,730
1656,三角洲行动试玩版,730
977,Poly Bridge 2,730
298,Danganronpa Another Episode: Ultra Despair Girls,730
666,Just Cause 4,730
598,Helping the Hotties,730
1246,Sudoku Zenkai,730
1033,Resident Evil,730
2642,苏菲的炼金工房２ ～不可思议梦的炼金术士～,730
1371,The Seven Realms: Terran,730
1787,共享委员长,730
1283,Tacview,730
1840,努力工作吧 梦魔酱！,730
1824,刺客信条：启示录,730
1439,UBERMOSH Vol.3,730
1896,合约女友的一日体验:凯洛与嘉米,730
423,Escape Simulator 2 Demo,730
61,Amnesia,730
1374,The Spell Brigade Demo,730
403,EGG,730
1580,《Battlefield 3™》,730
1454,Unpacking,730
1350,The Medium,730
792,MementoMori,730
714,Layers of Fear (2016),730
390,Dungeon Fighter Online,730
177,Call of Duty: WWII,730
496,Flowers -Le volume sur ete-,730
769,Mad Island,730
397,Dwarf Fortress,730
2621,背后：异化,730
2252,揭棺而起,730
1118,Sea of Stars 星之海,730
64,Among Us,730
1634,七度荒域：混沌之树,730
1143,Shards of Her,730
858,NEKOPARA Vol. 3,730
1023,Ravenous Devils,730
1512,What Remains of Edith Finch,730
1566,Zup!,730
1966,坤化危机2,730
1334,The Isle Dedicated Server,730
2240,拼图猫娘4,730
485,Femdom Wife Game - Zoe,730
1984,夜行,730
2092,小缇娜的奇幻之地,730
952,Path of Exile,730
963,Phantom Brigade,730
1953,在樱花色 梦境中恋上你,730
988,Prison Survival: Architect of Crime Simulator Playtest,730
2141,幸运草的约定,730
2552,神奇动物养殖中心：放置好时光,730
1181,Source Filmmaker,730
1519,Witch It,730
2154,异兔传说 Playtest,730
1046,Return of the Obra Dinn,730
114,Battlestar Galactica Deadlock,730
2235,抬头只见天花板 Looking Up I See Only A Ceiling,730
96,Backrooms: Escape Together,730
1337,The Last Case of Benedict Fox,730
1114,Schedule I: Free Sample,730
2342,枪匠模拟器,730
1117,Sea Power,730
2099,少女武士-葵纹,730
2557,神树残响 Demo,730
286,DEVOUR,730
2291,星咏之诗,730
1577,inZOI: Creative Studio,730
830,Mount & Blade: With Fire and Sword,730
928,PAPERHEAD EP0,730
1132,Severed Steel,730
2391,沉没之地,730
2730,超侦探事件簿 雾雨谜宫 Plus,730
1835,动物之灵,730
1962,地狱里的牛马,730
1930,哥里：可爱大灭绝 (Gori: Cuddly Carnage),730
784,Maxwell's puzzling demon - demo,730
331,Deepest Sword,730
1431,Trine 2,730
785,Mayhemers,730
379,Dreadway Playtest,730
949,Paper Dolls 2,730
1881,反转21克,730
2792,醋意乱流,730
1313,The Dark Occult,730
2079,封神榜  伏魔三太子（重制版）,730
1676,中专预备役 Demo,730
650,Internet Cafe Simulator,730
1256,Superfighters Deluxe,730
870,Need for Speed™ Most Wanted,730
1019,Raji: An Ancient Epic / 拉吉：远古传奇,730
476,Farming,730
2023,奥术轮回,730
2540,破晓 Demo,730
406,EVE Online,730
2005,天际都市物语,730
2277,无垠之心 - A Space for the Unbound,730
1508,Wavetale,730
489,Field of Glory II: Medieval,730
1972,墙世界,730
1926,哆啦A梦 牧场物语 自然王国与和乐家人,730
1007,RIDE 4,730
1521,With My Past 往事伴我,730
979,Poppy Playtime,730
735,Little Nightmares II Demo,730
